datetime,elevation
2015-01-01 06:00:00,0.36
2015-01-01 09:00:00,1.85
2015-01-01 10:15:00,2.02
2015-01-01 12:00:00,1.45
2015-01-01 15:00:00,-0.07
2015-01-01 17:00:00,-0.55
2015-01-01 18:00:00,0
2015-01-02 06:00:00,-0.35
2015-01-02 09:00:00,1.62
2015-01-02 11:15:00,2.29
2015-01-02 12:00:00,2.16
2015-01-02 15:00:00,0.53
2015-01-02 18:00:00,-0.54
2015-01-03 06:00:00,-0.44
2015-01-03 09:00:00,1.15
2015-01-03 12:00:00,2.39
2015-01-03 15:00:00,1.02
2015-01-03 18:00:00,-0.45
2015-01-04 06:00:00,-0.12
2015-01-04 07:40:00,-0.61
2015-01-04 09:00:00,0.39
2015-01-04 12:00:00,2.32
2015-01-04 12:45:00,2.39
2015-01-04 15:00:00,1.43
2015-01-04 18:00:00,-0.33
2015-01-05 06:00:00,0.13
2015-01-05 08:25:00,-0.61
2015-01-05 09:00:00,-0.21
2015-01-05 12:00:00,2.08
2015-01-05 13:25:00,2.41
2015-01-05 15:00:00,1.8
2015-01-05 18:00:00,-0.07
2015-01-06 06:00:00,0.48
2015-01-06 08:55:00,-0.72
2015-01-06 09:00:00,-0.7
2015-01-06 12:00:00,1.9
2015-01-06 13:45:00,2.47
2015-01-06 15:00:00,2.14
2015-01-06 18:00:00,0.26
2015-01-07 06:00:00,0.76
2015-01-07 09:00:00,-0.43
2015-01-07 09:25:00,-0.75
2015-01-07 12:00:00,1.52
2015-01-07 14:25:00,2.46
2015-01-07 15:00:00,2.24
2015-01-07 18:00:00,0.57
2015-01-08 06:00:00,1.05
2015-01-08 09:00:00,-0.58
2015-01-08 09:55:00,-0.72
2015-01-08 12:00:00,1.09
2015-01-08 15:00:00,2.45
2015-01-08 18:00:00,0.95
2015-01-09 06:00:00,1.39
2015-01-09 09:00:00,-0.4
2015-01-09 10:30:00,-0.71
2015-01-09 12:00:00,0.62
2015-01-09 15:00:00,2.35
2015-01-09 15:30:00,2.4
2015-01-09 18:00:00,1.22
2015-01-10 06:00:00,1.54
2015-01-10 09:00:00,-0.14
2015-01-10 10:50:00,-0.64
2015-01-10 12:00:00,0.17
2015-01-10 15:00:00,2.1
2015-01-10 16:00:00,2.3
2015-01-10 18:00:00,1.53
2015-01-11 06:00:00,1.76
2015-01-11 09:00:00,0.03
2015-01-11 11:30:00,-0.62
2015-01-11 12:00:00,-0.28
2015-01-11 15:00:00,1.82
2015-01-11 16:40:00,2.24
2015-01-11 18:00:00,1.82
2015-01-12 06:00:00,1.95
2015-01-12 09:00:00,0.29
2015-01-12 11:45:00,-0.56
2015-01-12 12:00:00,-0.54
2015-01-12 15:00:00,1.5
2015-01-12 17:40:00,2.16
2015-01-12 18:00:00,2.07
2015-01-13 06:00:00,2.04
2015-01-13 09:00:00,0.58
2015-01-13 12:00:00,-0.46
2015-01-13 12:15:00,-0.47
2015-01-13 15:00:00,1.13
2015-01-13 18:00:00,2.16
2015-01-14 06:00:00,2.04
2015-01-14 09:00:00,0.95
2015-01-14 12:00:00,-0.27
2015-01-14 13:00:00,-0.42
2015-01-14 15:00:00,0.51
2015-01-14 18:00:00,1.88
2015-01-15 06:00:00,1.75
2015-01-15 07:15:00,1.93
2015-01-15 09:00:00,1.45
2015-01-15 12:00:00,0.1
2015-01-15 14:01:00,-0.4
2015-01-15 15:00:00,-0.15
2015-01-15 18:00:00,1.53
2015-01-16 06:00:00,1.12
2015-01-16 08:45:00,1.97
2015-01-16 09:00:00,1.95
2015-01-16 12:00:00,0.85
2015-01-16 15:00:00,-0.29
2015-01-16 15:40:00,-0.36
2015-01-16 18:00:00,0.88
2015-01-17 06:00:00,0.28
2015-01-17 09:00:00,1.81
2015-01-17 10:10:00,1.99
2015-01-17 12:00:00,1.46
2015-01-17 15:00:00,-0.02
2015-01-17 17:15:00,-0.5
2015-01-17 18:00:00,-0.15
2015-01-18 06:00:00,-0.42
2015-01-18 09:00:00,1.34
2015-01-18 11:40:00,2.06
2015-01-18 12:00:00,2.01
2015-01-18 15:00:00,0.47
2015-01-18 18:00:00,-0.65
2015-01-19 06:00:00,-0.51
2015-01-19 07:00:00,-0.7
2015-01-19 09:00:00,0.75
2015-01-19 12:00:00,2.29
2015-01-19 12:10:00,2.3
2015-01-19 15:00:00,1
2015-01-19 18:00:00,-0.65
2015-01-20 06:00:00,-0.34
2015-01-20 08:00:00,-0.99
2015-01-20 09:00:00,-0.18
2015-01-20 12:00:00,2.37
2015-01-20 13:00:00,2.52
2015-01-20 15:00:00,1.6
2015-01-20 18:00:00,-0.45
2015-01-21 06:00:00,0.15
2015-01-21 08:35:00,-1.34
2015-01-21 09:00:00,-1.24
2015-01-21 12:00:00,2.25
2015-01-21 13:30:00,2.64
2015-01-21 15:00:00,2.18
2015-01-21 18:00:00,0.03
2015-01-22 06:00:00,0.78
2015-01-22 09:00:00,-1.3
2015-01-22 09:15:00,-1.39
2015-01-22 12:00:00,1.75
2015-01-22 14:10:00,2.8
2015-01-22 15:00:00,2.6
2015-01-22 18:00:00,0.75
2015-01-23 06:00:00,1.28
2015-01-23 09:00:00,-1.05
2015-01-23 10:00:00,-1.45
2015-01-23 12:00:00,-0.21
2015-01-23 15:00:00,2.79
2015-01-23 18:00:00,1.38
2015-01-24 06:00:00,1.7
2015-01-24 09:00:00,-0.62
2015-01-24 10:40:00,-1.4
2015-01-24 12:00:00,-0.18
2015-01-24 15:00:00,2.69
2015-01-24 15:30:00,2.75
2015-01-24 18:00:00,1.71
2015-01-25 06:00:00,1.88
2015-01-25 09:00:00,-0.25
2015-01-25 11:10:00,-1.39
2015-01-25 12:00:00,-0.96
2015-01-25 15:00:00,2.18
2015-01-25 16:15:00,2.58
2015-01-25 18:00:00,2
2015-01-26 06:00:00,2.15
2015-01-26 09:00:00,0.2
2015-01-26 12:00:00,-0.97
2015-01-26 15:00:00,1.41
2015-01-26 17:30:00,2.29
2015-01-26 18:00:00,2.24
2015-01-27 06:00:00,2.13
2015-01-27 09:00:00,0.56
2015-01-27 12:00:00,-0.69
2015-01-27 12:45:00,-0.78
2015-01-27 15:00:00,0.71
2015-01-27 18:00:00,2.04
2015-01-28 06:00:00,1.88
2015-01-28 06:30:00,1.93
2015-01-28 09:00:00,1.08
2015-01-28 12:00:00,-0.32
2015-01-28 13:40:00,-0.66
2015-01-28 15:00:00,0.02
2015-01-28 18:00:00,1.66
2015-01-29 06:00:00,1.23
2015-01-29 07:45:00,1.73
2015-01-29 09:00:00,1.53
2015-01-29 12:00:00,0.2
2015-01-29 14:40:00,-0.54
2015-01-29 15:00:00,-0.51
2015-01-29 18:00:00,1.11
2015-01-30 06:00:00,0.49
2015-01-30 09:00:00,1.57
2015-01-30 09:45:00,1.62
2015-01-30 12:00:00,1.01
2015-01-30 15:00:00,-0.33
2015-01-30 15:30:00,-0.59
2015-01-30 18:00:00,0.1
2015-01-31 06:00:00,-0.46
2015-01-31 09:00:00,1.6
2015-01-31 11:15:00,1.67
2015-01-31 12:00:00,1.47
2015-01-31 15:00:00,0.07
2015-01-31 17:40:00,-0.67
2015-01-31 18:00:00,-0.64
2015-02-01 06:00:00,-0.56
2015-02-01 09:00:00,0.7
2015-02-01 12:00:00,1.9
2015-02-01 12:10:00,1.8
2015-02-01 15:00:00,0.57
2015-02-01 18:00:00,-0.67
2015-02-02 06:00:00,-0.53
2015-02-02 07:25:00,-0.8
2015-02-02 09:00:00,0.16
2015-02-02 12:00:00,1.8
2015-02-02 13:30:00,1.92
2015-02-02 15:00:00,0.9
2015-02-02 18:00:00,-0.56
2015-02-03 06:00:00,-0.33
2015-02-03 08:00:00,-0.92
2015-02-03 09:00:00,-0.23
2015-02-03 12:00:00,1.77
2015-02-03 13:40:00,2.05
2015-02-03 15:00:00,1.39
2015-02-03 18:00:00,-0.39
2015-02-04 06:00:00,-0.07
2015-02-04 08:40:00,-1.1
2015-02-04 09:00:00,-0.8
2015-02-04 12:00:00,1.9
2015-02-04 14:00:00,2.1
2015-02-04 15:00:00,1.87
2015-02-04 18:00:00,-0.6
2015-02-05 06:00:00,0.2
2015-02-05 09:00:00,-0.9
2015-02-05 12:00:00,1.5
2015-02-05 14:40:00,2.3
2015-02-05 15:00:00,2.1
2015-02-05 18:00:00,0.6
2015-02-06 06:00:00,0.7
2015-02-06 09:00:00,-0.8
2015-02-06 09:30:00,-1
2015-02-06 12:00:00,2.4
2015-02-06 15:00:00,2.35
2015-02-06 18:00:00,0.75
2015-02-07 06:00:00,-0.1
2015-02-07 09:00:00,-0.5
2015-02-07 10:00:00,-1.2
2015-02-07 12:00:00,0.75
2015-02-07 15:00:00,2.4
2015-02-07 15:15:00,2.41
2015-02-07 18:00:00,0.85
2015-02-08 06:00:00,1.2
2015-02-08 09:00:00,-0.45
2015-02-08 10:15:00,-1.2
2015-02-08 12:00:00,0.65
2015-02-08 15:00:00,2.2
2015-02-08 15:30:00,2.35
2015-02-08 18:00:00,0.95
2015-02-09 06:00:00,1.65
2015-02-09 09:00:00,-1.2
2015-02-09 10:45:00,-1.35
2015-02-09 12:00:00,-0.2
2015-02-09 15:00:00,2
2015-02-09 16:00:00,2.3
2015-02-09 18:00:00,1.75
2015-02-10 06:00:00,1.8
2015-02-10 09:00:00,-0.1
2015-02-10 11:00:00,-1.23
2015-02-10 12:00:00,-0.96
2015-02-10 15:00:00,0.9
2015-02-10 17:00:00,2.2
2015-02-10 18:00:00,1.8
2015-02-11 06:00:00,1.85
2015-02-11 09:00:00,0.05
2015-02-11 11:30:00,-1.1
2015-02-11 12:00:00,-0.75
2015-02-11 15:00:00,1.6
2015-02-11 17:40:00,1.88
2015-02-11 18:00:00,1.86
2015-02-12 06:00:00,1.76
2015-02-12 09:00:00,0.33
2015-02-12 12:00:00,-0.71
2015-02-12 12:15:00,-0.74
2015-02-12 15:00:00,0.65
2015-02-12 18:00:00,1.79
2015-02-13 06:00:00,1.63
2015-02-13 06:25:00,1.65
2015-02-13 09:00:00,0.6
2015-02-13 12:00:00,-0.47
2015-02-13 13:00:00,-0.64
2015-02-13 15:00:00,0.13
2015-02-13 18:00:00,1.53
2015-02-14 06:00:00,1.12
2015-02-14 07:45:00,1.51
2015-02-14 09:00:00,1.32
2015-02-14 12:00:00,0.05
2015-02-14 14:40:00,-0.6
2015-02-14 15:00:00,-0.55
2015-02-14 18:00:00,0.97
2015-02-15 06:00:00,0.32
2015-02-15 09:00:00,1.51
2015-02-15 09:40:00,1.59
2015-02-15 12:00:00,0.87
2015-02-15 15:00:00,-0.4
2015-02-15 16:30:00,-0.7
2015-02-15 18:00:00,-0.01
2015-02-16 06:00:00,-0.65
2015-02-16 09:00:00,1.18
2015-02-16 11:15:00,1.78
2015-02-16 12:00:00,1.73
2015-02-16 15:00:00,0.05
2015-02-16 18:00:00,-0.87
2015-02-17 06:00:00,-0.82
2015-02-17 06:40:00,-0.9
2015-02-17 09:00:00,0.68
2015-02-17 12:00:00,2.03
2015-02-17 15:00:00,0.64
2015-02-17 18:00:00,-0.88
2015-02-18 06:00:00,-0.74
2015-02-18 07:15:00,-1.25
2015-02-18 09:00:00,0.23
2015-02-18 12:00:00,2.33
2015-02-18 12:35:00,2.58
2015-02-18 15:00:00,1.37
2015-02-18 18:00:00,-0.75
2015-02-19 06:00:00,-0.4
2015-02-19 08:20:00,-1.54
2015-02-19 09:00:00,-1.1
2015-02-19 12:00:00,2.45
2015-02-19 13:00:00,2.71
2015-02-19 15:00:00,1.95
2015-02-19 18:00:00,-0.34
2015-02-20 06:00:00,0.26
2015-02-20 08:50:00,-1.69
2015-02-20 09:00:00,-1.66
2015-02-20 12:00:00,2.19
2015-02-20 13:45:00,2.88
2015-02-20 15:00:00,2.5
2015-02-20 18:00:00,0.34
2015-02-21 06:00:00,0.76
2015-02-21 09:00:00,-1.49
2015-02-21 09:40:00,-1.75
2015-02-21 12:00:00,1.4
2015-02-21 14:30:00,2.93
2015-02-21 15:00:00,2.82
2015-02-21 18:00:00,1.05
2015-02-22 06:00:00,1.23
2015-02-22 09:00:00,-1.09
2015-02-22 10:15:00,-1.63
2015-02-22 12:00:00,0.34
2015-02-22 15:00:00,2.8
2015-02-22 18:00:00,1.44
2015-02-23 06:00:00,1.55
2015-02-23 09:00:00,-0.67
2015-02-23 10:50:00,-1.41
2015-02-23 12:00:00,-0.55
2015-02-23 15:00:00,2.42
2015-02-23 16:00:00,2.65
2015-02-23 18:00:00,1.8
2015-02-24 06:00:00,1.77
2015-02-24 09:00:00,-0.2
2015-02-24 11:30:00,-1.15
2015-02-24 12:00:00,-0.7
2015-02-24 15:00:00,1.75
2015-02-24 17:00:00,2.38
2015-02-24 18:00:00,2.1
2015-02-25 06:00:00,1.92
2015-02-25 09:00:00,0.15
2015-02-25 12:00:00,-1.03
2015-02-25 12:15:00,-1.07
2015-02-25 15:00:00,0.05
2015-02-25 18:00:00,2.08
2015-02-26 06:00:00,1.82
2015-02-26 09:00:00,0.63
2015-02-26 12:00:00,-0.78
2015-02-26 12:50:00,-1
2015-02-26 15:00:00,0.23
2015-02-26 18:00:00,1.55
2015-02-27 06:00:00,1.16
2015-02-27 07:00:00,1.3
2015-02-27 09:00:00,0.77
2015-02-27 12:00:00,-0.45
2015-02-27 13:30:00,-0.82
2015-02-27 15:00:00,-0.42
2015-02-27 18:00:00,1.05
2015-02-28 06:00:00,0.52
2015-02-28 09:00:00,1.17
2015-02-28 12:00:00,0.27
2015-02-28 15:00:00,-0.72
2015-02-28 15:45:00,-0.78
2015-02-28 18:00:00,0.2
2015-03-01 06:00:00,-0.49
2015-03-01 09:00:00,0.97
2015-03-01 10:35:00,1.32
2015-03-01 12:00:00,1.05
2015-03-01 15:00:00,-0.32
2015-03-01 17:15:00,-0.88
2015-03-01 18:00:00,-0.67
2015-03-02 06:00:00,-0.95
2015-03-02 09:00:00,0.65
2015-03-02 11:50:00,1.51
2015-03-02 12:00:00,1.5
2015-03-02 15:00:00,0.1
2015-03-02 18:00:00,-0.59
2015-03-03 06:00:00,-0.91
2015-03-03 07:00:00,-1.07
2015-03-03 09:00:00,0.15
2015-03-03 12:00:00,1.6
2015-03-03 12:30:00,1.65
2015-03-03 15:00:00,0.54
2015-03-03 18:00:00,-0.93
2015-03-04 06:00:00,-0.82
2015-03-04 08:30:00,-1.2
2015-03-04 09:00:00,-0.3
2015-03-04 12:00:00,1.82
2015-03-04 12:40:00,1.86
2015-03-04 15:00:00,0.88
2015-03-04 18:00:00,-0.42
2015-03-05 06:00:00,-0.47
2015-03-05 08:30:00,-1.42
2015-03-05 09:00:00,-0.97
2015-03-05 12:00:00,1.59
2015-03-05 13:10:00,1.85
2015-03-05 15:00:00,1.18
2015-03-05 18:00:00,-0.77
2015-03-06 06:00:00,-0.57
2015-03-06 08:45:00,-1.52
2015-03-06 09:00:00,-1.41
2015-03-06 12:00:00,1.66
2015-03-06 13:30:00,2.1
2015-03-06 15:00:00,1.67
2015-03-06 18:00:00,-0.47
2015-03-07 06:00:00,-0.29
2015-03-07 09:00:00,-1.7
2015-03-07 12:00:00,1.21
2015-03-07 14:10:00,2.03
2015-03-07 15:00:00,1.87
2015-03-07 18:00:00,-0.14
2015-03-08 06:00:00,-0.01
2015-03-08 09:00:00,-1.66
2015-03-08 09:15:00,-1.69
2015-03-08 12:00:00,0.79
2015-03-08 14:30:00,1.98
2015-03-08 15:00:00,1.92
2015-03-08 18:00:00,0.16
2015-03-09 06:00:00,0.24
2015-03-09 09:00:00,-1.47
2015-03-09 09:45:00,-1.61
2015-03-09 12:00:00,0.32
2015-03-09 15:00:00,1.94
2015-03-09 18:00:00,0.47
2015-03-10 06:00:00,0.56
2015-03-10 09:00:00,-1.19
2015-03-10 10:15:00,-1.49
2015-03-10 12:00:00,-0.22
2015-03-10 15:00:00,1.8
2015-03-10 15:45:00,1.9
2015-03-10 18:00:00,0.88
2015-03-11 06:00:00,0.84
2015-03-11 09:00:00,-0.95
2015-03-11 10:50:00,-1.42
2015-03-11 12:00:00,-0.64
2015-03-11 15:00:00,1.58
2015-03-11 16:20:00,1.83
2015-03-11 18:00:00,1.19
2015-03-12 06:00:00,1.07
2015-03-12 09:00:00,-0.64
2015-03-12 11:20:00,-1.28
2015-03-12 12:00:00,-1.03
2015-03-12 15:00:00,1.14
2015-03-12 17:20:00,1.67
2015-03-12 18:00:00,1.55
2015-03-13 06:00:00,1.25
2015-03-13 09:00:00,-0.33
2015-03-13 12:00:00,-0.15
2015-03-13 15:00:00,0.72
2015-03-13 18:00:00,1.58
2015-03-14 06:00:00,1.31
2015-03-14 09:00:00,0.14
2015-03-14 12:00:00,-0.91
2015-03-14 12:45:00,-1.05
2015-03-14 15:00:00,0.05
2015-03-14 18:00:00,1.35
2015-03-15 06:00:00,1.01
2015-03-15 07:00:00,1.27
2015-03-15 09:00:00,0.73
2015-03-15 12:00:00,-0.49
2015-03-15 14:00:00,-0.94
2015-03-15 15:00:00,-0.72
2015-03-15 18:00:00,0.88
2015-03-16 06:00:00,0.23
2015-03-16 09:00:00,1.2
2015-03-16 12:00:00,0.33
2015-03-16 15:00:00,-0.9
2015-03-16 16:00:00,-1.08
2015-03-16 18:00:00,-0.1
2015-03-17 06:00:00,-0.71
2015-03-17 09:00:00,1.09
2015-03-17 10:40:00,1.56
2015-03-17 12:00:00,1.3
2015-03-17 15:00:00,-0.37
2015-03-17 17:30:00,-1.14
2015-03-17 18:00:00,-1.03
2015-03-18 06:00:00,-1.26
2015-03-18 09:00:00,0.8
2015-03-18 11:40:00,1.88
2015-03-18 12:00:00,1.84
2015-03-18 15:00:00,0.2
2015-03-18 18:00:00,-1.32
2015-03-19 06:00:00,-1.45
2015-03-19 06:45:00,-1.69
2015-03-19 09:00:00,0.07
2015-03-19 12:00:00,2.22
2015-03-19 15:00:00,0.97
2015-03-19 18:00:00,-1.27
2015-03-20 06:00:00,-1.04
2015-03-20 08:00:00,-1.92
2015-03-20 09:00:00,-1.05
2015-03-20 12:00:00,2.41
2015-03-20 12:35:00,2.5
2015-03-20 15:00:00,1.6
2015-03-20 18:00:00,-0.79
2015-03-21 06:00:00,-0.49
2015-03-21 08:45:00,-2.05
2015-03-21 09:00:00,-2.02
2015-03-21 12:00:00,2.23
2015-03-21 13:00:00,2.59
2015-03-21 15:00:00,2.06
2015-03-21 18:00:00,-0.11
2015-03-22 06:00:00,-0.04
2015-03-22 09:00:00,-1.82
2015-03-22 09:30:00,-2.02
2015-03-22 12:00:00,1.69
2015-03-22 13:30:00,2.57
2015-03-22 15:00:00,2.31
2015-03-22 18:00:00,0.47
2015-03-23 06:00:00,0.48
2015-03-23 09:00:00,-1.75
2015-03-23 10:00:00,-2.02
2015-03-23 12:00:00,0.85
2015-03-23 14:15:00,2.54
2015-03-23 15:00:00,2.48
2015-03-23 18:00:00,0.94
2015-03-24 06:00:00,0.09
2015-03-24 09:00:00,-1.33
2015-03-24 10:35:00,-1.81
2015-03-24 12:00:00,-0.09
2015-03-24 15:00:00,2.34
2015-03-24 18:00:00,1.28
2015-03-25 06:00:00,1.18
2015-03-25 09:00:00,-0.91
2015-03-25 10:50:00,-1.49
2015-03-25 12:00:00,-0.7
2015-03-25 15:00:00,1.83
2015-03-25 15:40:00,2.11
2015-03-25 18:00:00,1.5
2015-03-26 06:00:00,1.45
2015-03-26 09:00:00,-0.4
2015-03-26 11:25:00,-1.08
2015-03-26 12:00:00,-0.92
2015-03-26 15:00:00,1.32
2015-03-26 17:10:00,1.9
2015-03-26 18:00:00,1.7
2015-03-27 06:00:00,1.44
2015-03-27 09:00:00,-0.01
2015-03-27 12:00:00,-0.94
2015-03-27 15:00:00,0.74
2015-03-27 18:00:00,1.62
2015-03-28 06:00:00,1.27
2015-03-28 09:00:00,0.48
2015-03-28 12:00:00,-0.55
2015-03-28 13:00:00,-0.62
2015-03-28 15:00:00,0.17
2015-03-28 18:00:00,1.35
2015-03-29 06:00:00,0.76
2015-03-29 08:15:00,1.2
2015-03-29 09:00:00,1.08
2015-03-29 12:00:00,0.08
2015-03-29 14:30:00,-0.57
2015-03-29 15:00:00,-0.49
2015-03-29 18:00:00,0.71
2015-03-30 06:00:00,-0.02
2015-03-30 09:00:00,1.18
2015-03-30 09:50:00,1.29
2015-03-30 12:00:00,0.85
2015-03-30 15:00:00,-0.38
2015-03-30 16:30:00,-0.7
2015-03-30 18:00:00,-0.19
2015-03-31 06:00:00,-0.82
2015-03-31 09:00:00,1.01
2015-03-31 11:00:00,1.53
2015-03-31 12:00:00,1.42
2015-03-31 15:00:00,-0.09
2015-03-31 17:40:00,-0.93
2015-03-31 18:00:00,-0.9
2015-04-01 06:00:00,-0.97
2015-04-01 06:20:00,-0.99
2015-04-01 09:00:00,0.74
2015-04-01 12:00:00,1.8
2015-04-01 15:00:00,0.45
2015-04-01 18:00:00,-0.84
2015-04-02 06:00:00,-1.06
2015-04-02 06:45:00,-1.13
2015-04-02 09:00:00,0.58
2015-04-02 12:00:00,2.16
2015-04-02 15:00:00,0.92
2015-04-02 18:00:00,-0.95
2015-04-03 06:00:00,-1.03
2015-04-03 07:30:00,-1.38
2015-04-03 09:00:00,0.12
2015-04-03 12:00:00,2.3
2015-04-03 12:15:00,2.31
2015-04-03 15:00:00,1.28
2015-04-03 18:00:00,-0.95
2015-04-04 06:00:00,-0.77
2015-04-04 07:45:00,-1.52
2015-04-04 09:00:00,-0.51
2015-04-04 12:00:00,2.41
2015-04-04 12:30:00,2.49
2015-04-04 15:00:00,1.68
2015-04-04 18:00:00,-0.45
2015-04-05 06:00:00,-0.58
2015-04-05 08:15:00,-1.59
2015-04-05 09:00:00,-1.15
2015-04-05 12:00:00,2.27
2015-04-05 13:00:00,2.53
2015-04-05 15:00:00,1.96
2015-04-05 18:00:00,-0.08
2015-04-06 06:00:00,-0.25
2015-04-06 08:40:00,-1.67
2015-04-06 09:00:00,-1.62
2015-04-06 12:00:00,1.96
2015-04-06 13:20:00,2.47
2015-04-06 15:00:00,2.12
2015-04-06 18:00:00,0.26
2015-04-07 06:00:00,0.08
2015-04-07 09:00:00,-1.61
2015-04-07 09:10:00,-1.62
2015-04-07 12:00:00,1.46
2015-04-07 14:00:00,2.39
2015-04-07 15:00:00,2.26
2015-04-07 18:00:00,0.58
2015-04-08 06:00:00,0.3
2015-04-08 09:00:00,-1.4
2015-04-08 09:45:00,-1.55
2015-04-08 12:00:00,0.73
2015-04-08 15:00:00,2.25
2015-04-08 18:00:00,-0.18
2015-04-09 06:00:00,0.63
2015-04-09 09:00:00,-1.14
2015-04-09 10:35:00,-1.42
2015-04-09 12:00:00,0
2015-04-09 15:00:00,2.01
2015-04-09 15:50:00,2.08
2015-04-09 18:00:00,1.1
2015-04-10 06:00:00,0.95
2015-04-10 09:00:00,-0.77
2015-04-10 11:00:00,-1.37
2015-04-10 12:00:00,-0.45
2015-04-10 15:00:00,1.63
2015-04-10 16:15:00,2.03
2015-04-10 18:00:00,1.55
2015-04-11 06:00:00,1.3
2015-04-11 09:00:00,-0.38
2015-04-11 11:35:00,-1.08
2015-04-11 12:00:00,-0.98
2015-04-11 15:00:00,1.16
2015-04-11 17:10:00,1.79
2015-04-11 18:00:00,1.71
2015-04-12 06:00:00,1.4
2015-04-12 09:00:00,0.06
2015-04-12 12:00:00,-0.95
2015-04-12 12:15:00,-0.97
2015-04-12 15:00:00,0.55
2015-04-12 18:00:00,1.68
2015-04-13 06:00:00,1.18
2015-04-13 07:00:00,1.63
2015-04-13 09:00:00,0.75
2015-04-13 12:00:00,-0.52
2015-04-13 12:50:00,-0.84
2015-04-13 15:00:00,-0.42
2015-04-13 18:00:00,1.6
2015-04-14 06:00:00,0.5
2015-04-14 09:00:00,1.68
2015-04-14 12:00:00,0.26
2015-04-14 15:00:00,-0.88
2015-04-14 15:30:00,-0.94
2015-04-14 18:00:00,0.45
2015-04-15 06:00:00,-0.4
2015-04-15 09:00:00,1.34
2015-04-15 10:20:00,1.64
2015-04-15 12:00:00,1.21
2015-04-15 15:00:00,-0.48
2015-04-15 17:15:00,-1.03
2015-04-15 18:00:00,-0.63
2015-04-16 06:00:00,-1.27
2015-04-16 09:00:00,1.22
2015-04-16 11:15:00,2.03
2015-04-16 12:00:00,1.92
2015-04-16 15:00:00,0.09
2015-04-16 18:00:00,-1.34
2015-04-17 06:00:00,-1.56
2015-04-17 06:30:00,-1.65
2015-04-17 09:00:00,0.94
2015-04-17 11:30:00,2.41
2015-04-17 12:00:00,2.16
2015-04-17 15:00:00,0.87
2015-04-17 18:00:00,-1.35
2015-04-18 06:00:00,-1.34
2015-04-18 07:25:00,-1.87
2015-04-18 09:00:00,0.11
2015-04-18 12:00:00,2.61
2015-04-18 15:00:00,1.52
2015-04-18 18:00:00,-0.79
2015-04-19 06:00:00,-0.7
2015-04-19 08:20:00,-1.89
2015-04-19 09:00:00,-1.23
2015-04-19 12:00:00,2.63
2015-04-19 12:30:00,2.71
2015-04-19 15:00:00,1.98
2015-04-19 18:00:00,-0.22
2015-04-20 06:00:00,-0.34
2015-04-20 09:00:00,-1.94
2015-04-20 12:00:00,2.03
2015-04-20 14:00:00,2.58
2015-04-20 15:00:00,2.18
2015-04-20 18:00:00,-0.38
2015-04-21 06:00:00,0.29
2015-04-21 09:00:00,-1.67
2015-04-21 09:30:00,-1.82
2015-04-21 12:00:00,1.9
2015-04-21 14:10:00,2.65
2015-04-21 15:00:00,2.43
2015-04-21 18:00:00,0.83
2015-04-22 06:00:00,0.59
2015-04-22 09:00:00,-1.35
2015-04-22 10:00:00,-1.49
2015-04-22 12:00:00,1.24
2015-04-22 14:40:00,2.53
2015-04-22 15:00:00,2.5
2015-04-22 18:00:00,1.17
2015-04-23 06:00:00,0.86
2015-04-23 09:00:00,-1.13
2015-04-23 10:15:00,-1.43
2015-04-23 12:00:00,0.31
2015-04-23 15:00:00,2.32
2015-04-23 15:30:00,2.36
2015-04-23 18:00:00,1.45
2015-04-24 06:00:00,1.33
2015-04-24 09:00:00,-0.41
2015-04-24 10:45:00,-1.03
2015-04-24 12:00:00,-0.34
2015-04-24 15:00:00,1.89
2015-04-24 16:15:00,2.1
2015-04-24 18:00:00,1.63
2015-04-25 06:00:00,1.34
2015-04-25 09:00:00,-0.29
2015-04-25 12:00:00,-0.67
2015-04-25 15:00:00,1.31
2015-04-25 17:00:00,1.82
2015-04-25 18:00:00,1.64
2015-04-26 06:00:00,1.46
2015-04-26 09:00:00,0.2
2015-04-26 12:00:00,-0.65
2015-04-26 15:00:00,0.67
2015-04-26 18:00:00,1.62
2015-04-27 06:00:00,1.25
2015-04-27 07:00:00,1.36
2015-04-27 09:00:00,0.9
2015-04-27 12:00:00,-0.24
2015-04-27 13:20:00,-0.49
2015-04-27 15:00:00,-0.03
2015-04-27 18:00:00,1.36
2015-04-28 06:00:00,0.69
2015-04-28 09:00:00,1.5
2015-04-28 12:00:00,0.71
2015-04-28 15:00:00,-0.51
2015-04-28 15:10:00,-0.52
2015-04-28 18:00:00,0.06
2015-04-29 06:00:00,0.19
2015-04-29 09:00:00,1.54
2015-04-29 09:50:00,1.67
2015-04-29 12:00:00,1.09
2015-04-29 15:00:00,-0.33
2015-04-29 16:10:00,-0.61
2015-04-29 18:00:00,-0.02
2015-04-30 06:00:00,-0.59
2015-04-30 09:00:00,1.41
2015-04-30 10:55:00,1.92
2015-04-30 12:00:00,1.7
2015-04-30 15:00:00,0.11
2015-04-30 17:45:00,-0.83
2015-04-30 18:00:00,-0.82
2015-05-01 06:00:00,-1.04
2015-05-01 09:00:00,1.15
2015-05-01 11:35:00,2.07
2015-05-01 12:00:00,2.02
2015-05-01 15:00:00,0.18
2015-05-01 18:00:00,-0.94
2015-05-02 06:00:00,-1.05
2015-05-02 06:30:00,-1.17
2015-05-02 09:00:00,0.87
2015-05-02 12:00:00,2.26
2015-05-02 15:00:00,0.97
2015-05-02 18:00:00,-0.97
2015-05-03 06:00:00,-1.16
2015-05-03 07:00:00,-1.42
2015-05-03 09:00:00,0.38
2015-05-03 12:00:00,2.36
2015-05-03 12:10:00,2.37
2015-05-03 15:00:00,1.34
2015-05-03 18:00:00,-0.86
2015-05-04 06:00:00,-1
2015-05-04 07:30:00,-1.65
2015-05-04 09:00:00,-0.4
2015-05-04 12:00:00,2.36
2015-05-04 12:35:00,2.4
2015-05-04 15:00:00,1.82
2015-05-04 18:00:00,-0.52
2015-05-05 06:00:00,-0.67
2015-05-05 08:15:00,-1.64
2015-05-05 09:00:00,-1.24
2015-05-05 12:00:00,2.17
2015-05-05 13:00:00,2.44
2015-05-05 15:00:00,1.96
2015-05-05 18:00:00,-0.03
2015-05-06 06:00:00,-0.24
2015-05-06 08:40:00,-1.64
2015-05-06 09:00:00,-1.61
2015-05-06 12:00:00,1.87
2015-05-06 13:30:00,2.46
2015-05-06 15:00:00,2.18
2015-05-06 18:00:00,0.42
2015-05-07 06:00:00,0.21
2015-05-07 09:00:00,-1.48
2015-05-07 09:20:00,-1.49
2015-05-07 12:00:00,1.47
2015-05-07 14:10:00,2.45
2015-05-07 15:00:00,1.36
2015-05-07 18:00:00,0.92
2015-05-08 06:00:00,0.71
2015-05-08 09:00:00,-1.19
2015-05-08 10:00:00,-1.61
2015-05-08 12:00:00,0.68
2015-05-08 15:00:00,2.39
2015-05-08 18:00:00,1.15
2015-05-09 06:00:00,1.08
2015-05-09 09:00:00,-1.44
2015-05-09 12:00:00,0
2015-05-09 15:00:00,2.2
2015-05-09 15:15:00,2.22
2015-05-09 18:00:00,1.69
2015-05-10 06:00:00,1.55
2015-05-10 09:00:00,-1.35
2015-05-10 12:00:00,-0.77
2015-05-10 15:00:00,1.71
2015-05-10 17:40:00,2.12
2015-05-10 18:00:00,1.83
2015-05-11 06:00:00,1.72
2015-05-11 09:00:00,0.58
2015-05-11 12:00:00,-1.02
2015-05-11 15:00:00,1.03
2015-05-11 18:00:00,1.92
2015-05-12 06:00:00,1.63
2015-05-12 07:00:00,1.74
2015-05-12 09:00:00,1.05
2015-05-12 12:00:00,-0.45
2015-05-12 13:00:00,-0.75
2015-05-12 15:00:00,-0.22
2015-05-12 18:00:00,1.74
2015-05-13 06:00:00,1.2
2015-05-13 08:00:00,1.81
2015-05-13 09:00:00,1.71
2015-05-13 12:00:00,0.56
2015-05-13 15:00:00,-0.75
2015-05-13 18:00:00,1.1
2015-05-14 06:00:00,0.35
2015-05-14 09:00:00,1.92
2015-05-14 09:30:00,1.99
2015-05-14 12:00:00,1.2
2015-05-14 15:00:00,-0.51
2015-05-14 16:40:00,-0.87
2015-05-14 18:00:00,0.07
2015-05-15 06:00:00,-0.75
2015-05-15 09:00:00,1.91
2015-05-15 10:15:00,2.24
2015-05-15 12:00:00,1.87
2015-05-15 15:00:00,0.06
2015-05-15 17:25:00,-1.14
2015-05-15 18:00:00,-1.11
2015-05-16 06:00:00,-1.46
2015-05-16 09:00:00,1.57
2015-05-16 10:50:00,2.43
2015-05-16 12:00:00,2.27
2015-05-16 15:00:00,0.64
2015-05-16 18:00:00,-1.18
2015-05-17 06:00:00,-1.34
2015-05-17 07:00:00,-1.63
2015-05-17 09:00:00,0.89
2015-05-17 11:45:00,2.59
2015-05-17 12:00:00,2.56
2015-05-17 15:00:00,1.44
2015-05-17 18:00:00,-0.65
2015-05-18 06:00:00,-0.82
2015-05-18 07:30:00,-1.48
2015-05-18 09:00:00,0.04
2015-05-18 12:00:00,2.63
2015-05-18 12:10:00,2.64
2015-05-18 15:00:00,1.9
2015-05-18 18:00:00,-0.15
2015-05-19 06:00:00,-0.41
2015-05-19 08:15:00,-1.65
2015-05-19 09:00:00,-1.09
2015-05-19 12:00:00,2.54
2015-05-19 12:40:00,2.65
2015-05-19 15:00:00,2.18
2015-05-19 18:00:00,0.3
2015-05-20 06:00:00,0.11
2015-05-20 09:00:00,-1.52
2015-05-20 12:00:00,2.19
2015-05-20 13:15:00,2.64
2015-05-20 15:00:00,2.38
2015-05-20 18:00:00,0.89
2015-05-21 06:00:00,0.55
2015-05-21 09:00:00,-1.32
2015-05-21 09:20:00,-1.38
2015-05-21 12:00:00,1.67
2015-05-21 14:00:00,2.61
2015-05-21 15:00:00,2.47
2015-05-21 18:00:00,1.19
2015-05-22 06:00:00,1
2015-05-22 09:00:00,-0.96
2015-05-22 09:50:00,-1.16
2015-05-22 12:00:00,0.92
2015-05-22 15:00:00,2.44
2015-05-22 18:00:00,1.4
2015-05-23 06:00:00,1.29
2015-05-23 09:00:00,-0.52
2015-05-23 10:30:00,-0.88
2015-05-23 12:00:00,0.35
2015-05-23 15:00:00,2.28
2015-05-23 15:30:00,2.35
2015-05-23 18:00:00,1.58
2015-05-24 06:00:00,1.63
2015-05-24 09:00:00,-0.06
2015-05-24 11:00:00,-0.62
2015-05-24 12:00:00,0
2015-05-24 15:00:00,2.12
2015-05-24 16:00:00,2.21
2015-05-24 18:00:00,1.9
2015-05-25 06:00:00,1.79
2015-05-25 09:00:00,0.43
2015-05-25 11:20:00,-0.12
2015-05-25 12:00:00,0.05
2015-05-25 15:00:00,1.84
2015-05-25 16:50:00,2.15
2015-05-25 18:00:00,2.02
2015-05-26 06:00:00,1.82
2015-05-26 09:00:00,0.98
2015-05-26 12:00:00,-0.12
2015-05-26 12:15:00,-0.15
2015-05-26 15:00:00,1.01
2015-05-26 18:00:00,2.01
2015-05-27 06:00:00,1.79
2015-05-27 07:00:00,1.93
2015-05-27 09:00:00,1.58
2015-05-27 12:00:00,0.28
2015-05-27 13:45:00,-0.15
2015-05-27 15:00:00,0.18
2015-05-27 18:00:00,1.65
2015-05-28 06:00:00,1.28
2015-05-28 08:30:00,1.96
2015-05-28 09:00:00,1.93
2015-05-28 12:00:00,0.83
2015-05-28 15:00:00,-0.24
2015-05-28 15:15:00,-0.26
2015-05-28 18:00:00,1.04
2015-05-29 06:00:00,0.68
2015-05-29 09:00:00,1.99
2015-05-29 09:45:00,2.07
2015-05-29 12:00:00,1.47
2015-05-29 15:00:00,-0.05
2015-05-29 16:20:00,-0.38
2015-05-29 18:00:00,0.27
2015-05-30 06:00:00,-0.32
2015-05-30 09:00:00,1.79
2015-05-30 10:40:00,2.16
2015-05-30 12:00:00,1.91
2015-05-30 15:00:00,0.34
2015-05-30 17:30:00,-0.6
2015-05-30 18:00:00,-0.56
2015-05-31 06:00:00,-0.82
2015-05-31 09:00:00,1.69
2015-05-31 10:55:00,2.34
2015-05-31 12:00:00,2.2
2015-05-31 15:00:00,0.94
2015-05-31 18:00:00,-0.74
2015-06-01 06:00:00,-1
2015-06-01 06:20:00,-1.06
2015-06-01 09:00:00,1.27
2015-06-01 11:25:00,2.39
2015-06-01 12:00:00,2.41
2015-06-01 15:00:00,1.27
2015-06-01 18:00:00,-0.71
2015-06-02 06:00:00,-0.95
2015-06-02 07:00:00,-1.29
2015-06-02 09:00:00,0.54
2015-06-02 12:00:00,1.54
2015-06-02 12:30:00,2.57
2015-06-02 15:00:00,1.66
2015-06-02 18:00:00,-0.38
2015-06-03 06:00:00,-0.68
2015-06-03 07:45:00,-1.4
2015-06-03 09:00:00,-0.25
2015-06-03 12:00:00,2.52
2015-06-03 12:35:00,2.56
2015-06-03 15:00:00,1.95
2015-06-03 18:00:00,0.03
2015-06-04 06:00:00,-0.22
2015-06-04 08:30:00,-1.47
2015-06-04 09:00:00,-1.31
2015-06-04 12:00:00,2.27
2015-06-04 13:00:00,2.67
2015-06-04 15:00:00,2.2
2015-06-04 18:00:00,0.51
2015-06-05 06:00:00,0.28
2015-06-05 09:00:00,-1.42
2015-06-05 09:05:00,-1.43
2015-06-05 12:00:00,1.81
2015-06-05 14:00:00,2.56
2015-06-05 15:00:00,2.39
2015-06-05 18:00:00,1.01
2015-06-06 06:00:00,0.81
2015-06-06 09:00:00,-1.17
2015-06-06 09:40:00,-1.36
2015-06-06 12:00:00,1.15
2015-06-06 14:40:00,2.55
2015-06-06 15:00:00,2.52
2015-06-06 18:00:00,1.47
2015-06-07 06:00:00,1.36
2015-06-07 09:00:00,-0.66
2015-06-07 10:20:00,-1.08
2015-06-07 12:00:00,0.35
2015-06-07 15:00:00,2.47
2015-06-07 15:05:00,2.48
2015-06-07 18:00:00,1.79
2015-06-08 06:00:00,1.73
2015-06-08 09:00:00,-0.17
2015-06-08 11:20:00,-0.97
2015-06-08 12:00:00,-0.55
2015-06-08 15:00:00,2.17
2015-06-08 16:00:00,2.4
2015-06-08 18:00:00,2.05
2015-06-09 06:00:00,2.03
2015-06-09 09:00:00,0.47
2015-06-09 12:00:00,-0.74
2015-06-09 12:15:00,-0.76
2015-06-09 15:00:00,1.4
2015-06-09 17:15:00,2.28
2015-06-09 18:00:00,2.22
2015-06-10 06:00:00,2.16
2015-06-10 09:00:00,1.31
2015-06-10 12:00:00,-0.3
2015-06-10 13:10:00,-0.53
2015-06-10 15:00:00,0.7
2015-06-10 18:00:00,4.42
2015-06-11 06:00:00,1.89
2015-06-11 07:30:00,2.14
2015-06-11 09:00:00,1.86
2015-06-11 12:00:00,0.37
2015-06-11 14:30:00,-0.48
2015-06-11 15:00:00,-0.41
2015-06-11 18:00:00,1.67
2015-06-12 06:00:00,1.35
2015-06-12 08:20:00,2.27
2015-06-12 09:00:00,2.24
2015-06-12 12:00:00,1.18
2015-06-12 15:00:00,-0.38
2015-06-12 15:50:00,-0.59
2015-06-12 18:00:00,0.82
2015-06-13 06:00:00,0.17
2015-06-13 09:00:00,2.18
2015-06-13 09:45:00,2.29
2015-06-13 12:00:00,1.81
2015-06-13 15:00:00,0.01
2015-06-13 17:10:00,-0.96
2015-06-13 18:00:00,-0.63
2015-06-14 06:00:00,-0.97
2015-06-14 09:00:00,1.9
2015-06-14 10:25:00,2.36
2015-06-14 12:00:00,2.17
2015-06-14 15:00:00,0.13
2015-06-14 18:00:00,-2.04
2015-06-15 06:00:00,-1.02
2015-06-15 06:30:00,-1.14
2015-06-15 09:00:00,1.47
2015-06-15 11:20:00,2.53
2015-06-15 12:00:00,2.45
2015-06-15 15:00:00,1.26
2015-06-15 18:00:00,-0.65
2015-06-16 06:00:00,-0.91
2015-06-16 07:10:00,-1.29
2015-06-16 09:00:00,0.82
2015-06-16 11:45:00,2.62
2015-06-16 12:00:00,2.61
2015-06-16 15:00:00,1.76
2015-06-16 18:00:00,-0.24
2015-06-17 06:00:00,-0.47
2015-06-17 07:50:00,-1.25
2015-06-17 09:00:00,-0.3
2015-06-17 12:00:00,2.56
2015-06-17 12:30:00,2.62
2015-06-17 15:00:00,2.03
2015-06-17 18:00:00,0.24
2015-06-18 06:00:00,0.08
2015-06-18 08:30:00,-1.21
2015-06-18 09:00:00,-1.1
2015-06-18 12:00:00,2.34
2015-06-18 13:05:00,2.59
2015-06-18 15:00:00,2.32
2015-06-18 18:00:00,0.86
2015-06-19 06:00:00,0.64
2015-06-19 09:00:00,-1.92
2015-06-19 12:00:00,2.07
2015-06-19 13:40:00,2.61
2015-06-19 15:00:00,2.48
2015-06-19 18:00:00,1.37
2015-06-20 06:00:00,1.36
2015-06-20 09:00:00,-0.37
2015-06-20 09:50:00,-0.53
2015-06-20 12:00:00,1.7
2015-06-20 14:00:00,2.62
2015-06-20 15:00:00,2.56
2015-06-20 18:00:00,1.81
2015-06-21 06:00:00,1.64
2015-06-21 09:00:00,-0.12
2015-06-21 11:00:00,-0.5
2015-06-21 12:00:00,1.18
2015-06-21 14:30:00,2.62
2015-06-21 15:00:00,2.61
2015-06-21 18:00:00,2.13
2015-06-22 06:00:00,0
2015-06-22 09:00:00,2.07
2015-06-22 12:00:00,2.32
2015-06-22 15:00:00,2.45
2015-06-22 16:00:00,2.46
2015-06-22 18:00:00,2
2015-06-23 06:00:00,1.84
2015-06-23 09:00:00,0.27
2015-06-23 11:15:00,-0.4
2015-06-23 12:00:00,-0.29
2015-06-23 15:00:00,2.03
2015-06-23 16:15:00,2.28
2015-06-23 18:00:00,1.93
2015-06-24 06:00:00,1.84
2015-06-24 09:00:00,0.49
2015-06-24 11:40:00,-0.35
2015-06-24 12:00:00,-0.34
2015-06-24 15:00:00,1.35
2015-06-24 16:50:00,1.93
2015-06-24 18:00:00,1.86
2015-06-25 06:00:00,3.68
2015-06-25 09:00:00,0.94
2015-06-25 12:00:00,-0.25
2015-06-25 12:30:00,-0.34
2015-06-25 15:00:00,0.62
2015-06-25 18:00:00,1.77
2015-06-26 06:00:00,1.69
2015-06-26 07:05:00,1.9
2015-06-26 09:00:00,1.61
2015-06-26 12:00:00,0.28
2015-06-26 13:45:00,-0.29
2015-06-26 15:00:00,-0.01
2015-06-26 18:00:00,1.51
2015-06-27 06:00:00,1.24
2015-06-27 08:40:00,2.06
2015-06-27 09:00:00,2.05
2015-06-27 12:00:00,1
2015-06-27 15:00:00,-0.27
2015-06-27 15:30:00,-0.35
2015-06-27 18:00:00,1.4
2015-06-28 06:00:00,0.85
2015-06-28 09:00:00,2.24
2015-06-28 09:35:00,2.32
2015-06-28 12:00:00,1.8
2015-06-28 15:00:00,0.5
2015-06-28 16:30:00,-0.42
2015-06-28 18:00:00,0.05
2015-06-29 06:00:00,-0.04
2015-06-29 09:00:00,2.18
2015-06-29 10:10:00,2.39
2015-06-29 12:00:00,2.1
2015-06-29 15:00:00,0.73
2015-06-29 18:00:00,-0.94
2015-06-30 06:00:00,-1.54
2015-06-30 09:00:00,1.91
2015-06-30 10:45:00,2.54
2015-06-30 12:00:00,2.43
2015-06-30 15:00:00,1.25
2015-06-30 18:00:00,-0.59
2015-07-01 06:00:00,-0.88
2015-07-01 06:30:00,-1.02
2015-07-01 09:00:00,1.47
2015-07-01 11:20:00,2.67
2015-07-01 12:00:00,2.59
2015-07-01 15:00:00,1.68
2015-07-01 18:00:00,-0.35
2015-07-02 06:00:00,-0.7
2015-07-02 07:30:00,-1.27
2015-07-02 09:00:00,0.49
2015-07-02 12:00:00,5.36
2015-07-02 15:00:00,1.97
2015-07-02 18:00:00,-0.01
2015-07-03 06:00:00,-0.25
2015-07-03 08:15:00,-1.36
2015-07-03 09:00:00,-0.9
2015-07-03 12:00:00,2.71
2015-07-03 12:30:00,2.75
2015-07-03 15:00:00,2.33
2015-07-03 18:00:00,0.54
2015-07-04 06:00:00,0.3
2015-07-04 09:00:00,-2.68
2015-07-04 12:00:00,2.45
2015-07-04 13:00:00,2.76
2015-07-04 15:00:00,2.56
2015-07-04 18:00:00,1.07
2015-07-05 06:00:00,0.81
2015-07-05 09:00:00,-1.17
2015-07-05 09:35:00,-1.33
2015-07-05 12:00:00,1.75
2015-07-05 13:50:00,2.75
2015-07-05 15:00:00,2.59
2015-07-05 18:00:00,1.49
2015-07-06 06:00:00,1.42
2015-07-06 09:00:00,-0.67
2015-07-06 10:15:00,-1.14
2015-07-06 12:00:00,0.62
2015-07-06 15:00:00,5.36
2015-07-06 18:00:00,1.9
2015-07-07 06:00:00,1.83
2015-07-07 09:00:00,-0.11
2015-07-07 11:00:00,-0.93
2015-07-07 12:00:00,-0.3
2015-07-07 15:00:00,2.53
2015-07-07 16:00:00,2.6
2015-07-07 18:00:00,2.13
2015-07-08 06:00:00,2.13
2015-07-08 09:00:00,0.49
2015-07-08 12:00:00,-1.34
2015-07-08 15:00:00,2
2015-07-08 17:00:00,2.39
2015-07-08 18:00:00,2.17
2015-07-09 06:00:00,4.68
2015-07-09 09:00:00,1.2
2015-07-09 12:00:00,-0.02
2015-07-09 12:40:00,-0.28
2015-07-09 15:00:00,1.43
2015-07-09 18:00:00,2.29
2015-07-10 06:00:00,2.33
2015-07-10 06:15:00,2.36
2015-07-10 09:00:00,1.85
2015-07-10 12:00:00,0.35
2015-07-10 13:35:00,-0.12
2015-07-10 15:00:00,0.35
2015-07-10 18:00:00,2.22
2015-07-11 06:00:00,1.92
2015-07-11 07:30:00,2.33
2015-07-11 09:00:00,2.18
2015-07-11 12:00:00,1.14
2015-07-11 15:00:00,-0.17
2015-07-11 15:15:00,-0.19
2015-07-11 18:00:00,1.39
2015-07-12 06:00:00,0.99
2015-07-12 09:00:00,4.7
2015-07-12 12:00:00,1.72
2015-07-12 15:00:00,0.05
2015-07-12 16:10:00,-0.34
2015-07-12 18:00:00,0.13
2015-07-13 06:00:00,-0.22
2015-07-13 09:00:00,2.25
2015-07-13 10:30:00,2.52
2015-07-13 12:00:00,2.12
2015-07-13 15:00:00,0.65
2015-07-13 18:00:00,-1.1
2015-07-14 06:00:00,-1.5
2015-07-14 09:00:00,1.7
2015-07-14 11:00:00,2.55
2015-07-14 12:00:00,2.43
2015-07-14 15:00:00,1.35
2015-07-14 18:00:00,-0.5
2015-07-15 06:00:00,-0.68
2015-07-15 07:00:00,-0.87
2015-07-15 09:00:00,1.09
2015-07-15 11:30:00,2.58
2015-07-15 12:00:00,2.55
2015-07-15 15:00:00,1.69
2015-07-15 18:00:00,-0.27
2015-07-16 06:00:00,-0.66
2015-07-16 07:25:00,-1.15
2015-07-16 09:00:00,0.27
2015-07-16 12:00:00,5.28
2015-07-16 15:00:00,1.91
2015-07-16 18:00:00,-0.02
2015-07-17 06:00:00,-0.1
2015-07-17 08:00:00,-1.13
2015-07-17 09:00:00,-0.84
2015-07-17 12:00:00,2.59
2015-07-17 12:30:00,2.69
2015-07-17 15:00:00,2.33
2015-07-17 18:00:00,0.59
2015-07-18 06:00:00,0.22
2015-07-18 09:00:00,-2.26
2015-07-18 12:00:00,2.37
2015-07-18 13:00:00,2.69
2015-07-18 15:00:00,2.36
2015-07-18 18:00:00,0.87
2015-07-19 06:00:00,0.78
2015-07-19 09:00:00,-0.87
2015-07-19 09:30:00,-0.91
2015-07-19 12:00:00,1.99
2015-07-19 13:40:00,2.65
2015-07-19 15:00:00,2.46
2015-07-19 18:00:00,1.49
2015-07-20 06:00:00,1.29
2015-07-20 09:00:00,-0.49
2015-07-20 10:00:00,-0.8
2015-07-20 12:00:00,1.32
2015-07-20 15:00:00,5.16
2015-07-20 18:00:00,1.54
2015-07-21 06:00:00,1.61
2015-07-21 09:00:00,-0.22
2015-07-21 10:30:00,-0.65
2015-07-21 12:00:00,0.9
2015-07-21 15:00:00,5.18
2015-07-21 18:00:00,1.82
2015-07-22 06:00:00,1.9
2015-07-22 09:00:00,0.27
2015-07-22 11:00:00,-0.44
2015-07-22 12:00:00,0.24
2015-07-22 15:00:00,2.45
2015-07-22 15:40:00,2.49
2015-07-22 18:00:00,1.91
2015-07-23 06:00:00,1.98
2015-07-23 09:00:00,0.53
2015-07-23 11:30:00,-0.24
2015-07-23 12:00:00,-0.02
2015-07-23 15:00:00,2.16
2015-07-23 16:20:00,2.42
2015-07-23 18:00:00,2.08
2015-07-24 06:00:00,2.1
2015-07-24 09:00:00,0.87
2015-07-24 12:00:00,-0.06
2015-07-24 15:00:00,1.64
2015-07-24 17:00:00,2.22
2015-07-24 18:00:00,2.1
2015-07-25 06:00:00,2.11
2015-07-25 06:15:00,2.12
2015-07-25 09:00:00,1.45
2015-07-25 12:00:00,0.05
2015-07-25 13:00:00,-0.09
2015-07-25 15:00:00,0.84
2015-07-25 18:00:00,1.96
2015-07-26 06:00:00,1.75
2015-07-26 07:15:00,1.96
2015-07-26 09:00:00,1.61
2015-07-26 12:00:00,0.3
2015-07-26 14:05:00,-0.26
2015-07-26 15:00:00,-0.08
2015-07-26 18:00:00,1.48
2015-07-27 06:00:00,1.3
2015-07-27 08:30:00,2.2
2015-07-27 09:00:00,2.13
2015-07-27 12:00:00,1.23
2015-07-27 15:00:00,-0.26
2015-07-27 15:45:00,-0.32
2015-07-27 18:00:00,0.8
2015-07-28 06:00:00,0.55
2015-07-28 09:00:00,2.31
2015-07-28 09:40:00,2.4
2015-07-28 12:00:00,1.93
2015-07-28 15:00:00,0.47
2015-07-28 17:30:00,-0.35
2015-07-28 18:00:00,-0.11
2015-07-29 06:00:00,-1.46
2015-07-29 09:00:00,2.04
2015-07-29 10:30:00,2.45
2015-07-29 12:00:00,2.29
2015-07-29 15:00:00,0.97
2015-07-29 18:00:00,-0.72
2015-07-30 06:00:00,-1.88
2015-07-30 09:00:00,1.67
2015-07-30 11:00:00,2.67
2015-07-30 12:00:00,2.55
2015-07-30 15:00:00,1.47
2015-07-30 18:00:00,-0.52
2015-07-31 06:00:00,-1.5
2015-07-31 09:00:00,1.7
2015-07-31 11:00:00,2.55
2015-07-31 12:00:00,2.43
2015-07-31 15:00:00,1.35
2015-07-31 18:00:00,-0.5
2015-08-01 06:00:00,0
2015-08-01 08:10:00,-1.15
2015-08-01 09:00:00,-0.58
2015-08-01 12:00:00,2.87
2015-08-01 12:15:00,2.9
2015-08-01 15:00:00,2.63
2015-08-01 18:00:00,0.76
2015-08-02 06:00:00,0.71
2015-08-02 09:00:00,-1.03
2015-08-02 09:10:00,-1.05
2015-08-02 12:00:00,2.75
2015-08-02 13:00:00,2.92
2015-08-02 15:00:00,2.77
2015-08-02 18:00:00,1.31
2015-08-03 06:00:00,1.27
2015-08-03 09:00:00,-0.74
2015-08-03 10:00:00,-1.11
2015-08-03 12:00:00,2.23
2015-08-03 14:00:00,2.9
2015-08-03 15:00:00,2.81
2015-08-03 18:00:00,1.81
2015-08-04 06:00:00,1.68
2015-08-04 09:00:00,-0.39
2015-08-04 10:30:00,-1.05
2015-08-04 12:00:00,0.87
2015-08-04 14:25:00,2.82
2015-08-04 15:00:00,2.79
2015-08-04 18:00:00,2
2015-08-05 06:00:00,2.02
2015-08-05 09:00:00,0.08
2015-08-05 11:10:00,-0.92
2015-08-05 12:00:00,-0.37
2015-08-05 15:00:00,2.68
2015-08-05 15:20:00,2.71
2015-08-05 18:00:00,2.08
2015-08-06 06:00:00,2.16
2015-08-06 09:00:00,0.53
2015-08-06 11:40:00,-0.77
2015-08-06 12:00:00,-0.75
2015-08-06 15:00:00,2.16
2015-08-06 16:30:00,2.53
2015-08-06 18:00:00,2.15
2015-08-07 06:00:00,2.27
2015-08-07 09:00:00,0.88
2015-08-07 12:00:00,-0.62
2015-08-07 12:20:00,-0.67
2015-08-07 15:00:00,1.43
2015-08-07 17:30:00,2.36
2015-08-07 18:00:00,2.3
2015-08-08 06:00:00,4.62
2015-08-08 09:00:00,1.53
2015-08-08 12:00:00,-0.08
2015-08-08 13:30:00,-0.42
2015-08-08 15:00:00,0.36
2015-08-08 18:00:00,2.08
2015-08-09 06:00:00,1.88
2015-08-09 07:30:00,2.19
2015-08-09 09:00:00,1.96
2015-08-09 12:00:00,0.72
2015-08-09 15:00:00,-0.46
2015-08-09 18:00:00,1.39
2015-08-10 06:00:00,1.09
2015-08-10 09:00:00,4.46
2015-08-10 12:00:00,1.51
2015-08-10 15:00:00,0
2015-08-10 16:30:00,-0.36
2015-08-10 18:00:00,0.32
2015-08-11 06:00:00,0
2015-08-11 09:00:00,2.11
2015-08-11 10:00:00,2.32
2015-08-11 12:00:00,1.97
2015-08-11 15:00:00,0.59
2015-08-11 18:00:00,-0.76
2015-08-12 06:00:00,-0.92
2015-08-12 09:00:00,1.96
2015-08-12 10:45:00,2.54
2015-08-12 12:00:00,2.37
2015-08-12 15:00:00,1.4
2015-08-12 18:00:00,-0.35
2015-08-13 06:00:00,-0.54
2015-08-13 06:45:00,-0.69
2015-08-13 09:00:00,1.39
2015-08-13 11:15:00,2.62
2015-08-13 12:00:00,2.56
2015-08-13 15:00:00,1.69
2015-08-13 18:00:00,-0.25
2015-08-14 06:00:00,-0.35
2015-08-14 07:30:00,-0.89
2015-08-14 09:00:00,0.5
2015-08-14 12:00:00,5.36
2015-08-14 15:00:00,1.99
2015-08-14 18:00:00,0.06
2015-08-15 06:00:00,-0.17
2015-08-15 08:20:00,-0.98
2015-08-15 09:00:00,-0.47
2015-08-15 12:00:00,2.65
2015-08-15 12:30:00,2.7
2015-08-15 15:00:00,2.15
2015-08-15 18:00:00,0.32
2015-08-16 06:00:00,0.23
2015-08-16 08:35:00,-1.07
2015-08-16 09:00:00,-0.99
2015-08-16 12:00:00,2.53
2015-08-16 12:45:00,2.71
2015-08-16 15:00:00,2.3
2015-08-16 18:00:00,0.67
2015-08-17 06:00:00,0.61
2015-08-17 09:00:00,-1.03
2015-08-17 09:10:00,-1.04
2015-08-17 12:00:00,2.2
2015-08-17 13:20:00,2.67
2015-08-17 15:00:00,2.41
2015-08-17 18:00:00,0.89
2015-08-18 06:00:00,0.94
2015-08-18 09:00:00,-0.82
2015-08-18 09:45:00,-0.95
2015-08-18 12:00:00,1.75
2015-08-18 14:00:00,2.61
2015-08-18 15:00:00,2.44
2015-08-18 18:00:00,1.03
2015-08-19 06:00:00,1.17
2015-08-19 09:00:00,-0.83
2015-08-19 10:00:00,-0.97
2015-08-19 12:00:00,1.17
2015-08-19 14:30:00,2.51
2015-08-19 15:00:00,2.48
2015-08-19 18:00:00,1.29
2015-08-20 06:00:00,1.35
2015-08-20 09:00:00,-0.54
2015-08-20 10:20:00,-0.94
2015-08-20 12:00:00,0.34
2015-08-20 15:00:00,2.31
2015-08-20 15:10:00,2.32
2015-08-20 18:00:00,1.37
2015-08-21 06:00:00,1.71
2015-08-21 09:00:00,-0.19
2015-08-21 11:00:00,-0.82
2015-08-21 12:00:00,-0.18
2015-08-21 15:00:00,2.17
2015-08-21 15:55:00,2.35
2015-08-21 18:00:00,1.72
2015-08-22 06:00:00,1.97
2015-08-22 09:00:00,0.29
2015-08-22 11:40:00,-0.57
2015-08-22 12:00:00,-0.55
2015-08-22 15:00:00,1.83
2015-08-22 16:45:00,2.22
2015-08-22 18:00:00,1.88
2015-08-23 06:00:00,2.06
2015-08-23 09:00:00,0.8
2015-08-23 12:00:00,-0.34
2015-08-23 12:05:00,-0.35
2015-08-23 15:00:00,1.28
2015-08-23 17:20:00,2.08
2015-08-23 18:00:00,2.03
2015-08-24 06:00:00,4.14
2015-08-24 09:00:00,1.36
2015-08-24 12:00:00,0.04
2015-08-24 13:00:00,-0.23
2015-08-24 15:00:00,0.49
2015-08-24 18:00:00,1.82
2015-08-25 06:00:00,1.61
2015-08-25 07:50:00,2.06
2015-08-25 09:00:00,1.99
2015-08-25 12:00:00,0.72
2015-08-25 15:00:00,-0.28
2015-08-25 18:00:00,1.27
2015-08-26 06:00:00,0.94
2015-08-26 08:40:00,2.32
2015-08-26 09:00:00,2.29
2015-08-26 12:00:00,1.72
2015-08-26 15:00:00,0.17
2015-08-26 16:40:00,-0.26
2015-08-26 18:00:00,0.26
2015-08-27 06:00:00,-0.07
2015-08-27 09:00:00,2.32
2015-08-27 09:55:00,2.53
2015-08-27 12:00:00,2.27
2015-08-27 15:00:00,1.16
2015-08-27 18:00:00,-0.4
2015-08-28 06:00:00,-0.51
2015-08-28 06:20:00,-0.55
2015-08-28 09:00:00,2.08
2015-08-28 10:45:00,2.73
2015-08-28 12:00:00,2.6
2015-08-28 15:00:00,1.63
2015-08-28 18:00:00,-0.26
2015-08-29 06:00:00,-0.4
2015-08-29 07:20:00,-0.94
2015-08-29 09:00:00,1.34
2015-08-29 11:20:00,2.85
2015-08-29 12:00:00,2.81
2015-08-29 15:00:00,2.17
2015-08-29 18:00:00,0.12
2015-08-30 06:00:00,0.25
2015-08-30 08:00:00,-1.02
2015-08-30 09:00:00,-0.27
2015-08-30 12:00:00,5.74
2015-08-30 15:00:00,2.44
2015-08-30 18:00:00,0.57
2015-08-31 06:00:00,0.51
2015-08-31 09:00:00,-1.17
2015-08-31 09:10:00,-1.19
2015-08-31 12:00:00,2.78
2015-08-31 12:40:00,2.89
2015-08-31 15:00:00,2.67
2015-08-31 18:00:00,0.87
2015-09-01 06:00:00,1.02
2015-09-01 09:00:00,-0.97
2015-09-01 09:50:00,-1.23
2015-09-01 12:00:00,2.25
2015-09-01 13:40:00,2.86
2015-09-01 15:00:00,2.71
2015-09-01 18:00:00,1.25
2015-09-02 06:00:00,1.61
2015-09-02 09:00:00,-0.5
2015-09-02 10:20:00,-1.15
2015-09-02 12:00:00,1.19
2015-09-02 14:20:00,2.81
2015-09-02 15:00:00,2.78
2015-09-02 18:00:00,1.86
2015-09-03 06:00:00,1.87
2015-09-03 09:00:00,-0.24
2015-09-03 10:50:00,-1.11
2015-09-03 12:00:00,0.1
2015-09-03 15:00:00,5.5
2015-09-03 18:00:00,1.91
2015-09-04 06:00:00,2.07
2015-09-04 09:00:00,0.27
2015-09-04 11:30:00,-0.82
2015-09-04 12:00:00,-0.6
2015-09-04 15:00:00,2.32
2015-09-04 16:05:00,2.53
2015-09-04 18:00:00,2
2015-09-05 06:00:00,2.13
2015-09-05 09:00:00,0.63
2015-09-05 12:00:00,-1.16
2015-09-05 15:00:00,1.64
2015-09-05 17:00:00,2.23
2015-09-05 18:00:00,2.06
2015-09-06 06:00:00,4.38
2015-09-06 09:00:00,1.09
2015-09-06 12:00:00,-0.26
2015-09-06 12:40:00,-0.36
2015-09-06 15:00:00,0.77
2015-09-06 18:00:00,2
2015-09-07 06:00:00,1.99
2015-09-07 06:35:00,2.07
2015-09-07 09:00:00,1.63
2015-09-07 12:00:00,0.14
2015-09-07 13:50:00,-0.27
2015-09-07 15:00:00,-0.07
2015-09-07 18:00:00,1.35
2015-09-08 06:00:00,1.27
2015-09-08 08:45:00,2.27
2015-09-08 09:00:00,2.14
2015-09-08 12:00:00,1.1
2015-09-08 15:00:00,-0.1
2015-09-08 16:00:00,-0.24
2015-09-08 18:00:00,0.51
2015-09-09 06:00:00,0.18
2015-09-09 09:00:00,2
2015-09-09 10:00:00,2.25
2015-09-09 12:00:00,1.79
2015-09-09 15:00:00,0.23
2015-09-09 17:00:00,-0.5
2015-09-09 18:00:00,-0.4
2015-09-10 06:00:00,-0.6
2015-09-10 09:00:00,1.75
2015-09-10 10:50:00,2.34
2015-09-10 12:00:00,2.11
2015-09-10 15:00:00,0.73
2015-09-10 18:00:00,-1.32
2015-09-11 06:00:00,-0.63
2015-09-11 06:30:00,-0.67
2015-09-11 09:00:00,1.48
2015-09-11 11:10:00,2.51
2015-09-11 12:00:00,2.47
2015-09-11 15:00:00,1.37
2015-09-11 18:00:00,-0.47
2015-09-12 06:00:00,-0.54
2015-09-12 07:10:00,-0.87
2015-09-12 09:00:00,0.65
2015-09-12 12:00:00,5.02
2015-09-12 15:00:00,1.57
2015-09-12 18:00:00,-0.39
2015-09-13 06:00:00,-0.27
2015-09-13 07:45:00,-0.96
2015-09-13 09:00:00,0.08
2015-09-13 12:00:00,2.56
2015-09-13 12:25:00,2.58
2015-09-13 15:00:00,1.88
2015-09-13 18:00:00,-0.05
2015-09-14 06:00:00,0.22
2015-09-14 08:25:00,-0.96
2015-09-14 09:00:00,-0.83
2015-09-14 12:00:00,2.55
2015-09-14 12:40:00,2.65
2015-09-14 15:00:00,2.13
2015-09-14 18:00:00,0.47
2015-09-15 06:00:00,0.73
2015-09-15 09:00:00,-1.42
2015-09-15 12:00:00,2.49
2015-09-15 13:00:00,2.7
2015-09-15 15:00:00,2.37
2015-09-15 18:00:00,0.92
2015-09-16 06:00:00,0.93
2015-09-16 09:00:00,-0.82
2015-09-16 09:15:00,-0.85
2015-09-16 12:00:00,2.2
2015-09-16 13:25:00,2.66
2015-09-16 15:00:00,2.39
2015-09-16 18:00:00,0.83
2015-09-17 06:00:00,0.92
2015-09-17 09:00:00,-0.92
2015-09-17 09:30:00,-1.08
2015-09-17 12:00:00,1.57
2015-09-17 14:00:00,2.56
2015-09-17 15:00:00,2.44
2015-09-17 18:00:00,0.88
2015-09-18 06:00:00,1.15
2015-09-18 09:00:00,-0.83
2015-09-18 10:10:00,-1.15
2015-09-18 12:00:00,0.77
2015-09-18 14:45:00,2.5
2015-09-18 15:00:00,2.47
2015-09-18 18:00:00,1.14
2015-09-19 06:00:00,1.55
2015-09-19 09:00:00,-0.5
2015-09-19 10:30:00,-0.8
2015-09-19 12:00:00,0.48
2015-09-19 15:00:00,2.37
2015-09-19 15:10:00,2.38
2015-09-19 18:00:00,1.46
2015-09-20 06:00:00,2.1
2015-09-20 09:00:00,1
2015-09-20 11:30:00,0.15
2015-09-20 12:00:00,0.39
2015-09-20 15:00:00,2.4
2015-09-20 15:45:00,2.49
2015-09-20 18:00:00,2.16
2015-09-21 06:00:00,2.13
2015-09-21 09:00:00,0.89
2015-09-21 12:00:00,-0.08
2015-09-21 15:00:00,1.84
2015-09-21 16:50:00,2.22
2015-09-21 18:00:00,1.93
2015-09-22 06:00:00,4.3
2015-09-22 09:00:00,1.17
2015-09-22 12:00:00,-0.07
2015-09-22 12:30:00,-0.12
2015-09-22 15:00:00,0.97
2015-09-22 18:00:00,1.86
2015-09-23 06:00:00,1.84
2015-09-23 07:15:00,1.98
2015-09-23 09:00:00,1.57
2015-09-23 12:00:00,0.34
2015-09-23 14:10:00,-0.27
2015-09-23 15:00:00,-0.23
2015-09-23 18:00:00,1.29
2015-09-24 06:00:00,1.03
2015-09-24 09:00:00,4.48
2015-09-24 12:00:00,1.33
2015-09-24 15:00:00,-0.4
2015-09-24 16:00:00,-0.83
2015-09-24 18:00:00,0.15
2015-09-25 06:00:00,-0.27
2015-09-25 09:00:00,2.26
2015-09-25 10:00:00,2.4
2015-09-25 12:00:00,1.9
2015-09-25 15:00:00,-0.01
2015-09-25 17:00:00,-1.18
2015-09-25 18:00:00,-1.07
2015-09-26 06:00:00,-2.42
2015-09-26 09:00:00,1.95
2015-09-26 10:50:00,2.57
2015-09-26 12:00:00,2.32
2015-09-26 15:00:00,0.73
2015-09-26 18:00:00,-1.17
2015-09-27 06:00:00,-1.03
2015-09-27 07:10:00,-1.41
2015-09-27 09:00:00,1.06
2015-09-27 11:40:00,2.67
2015-09-27 12:00:00,2.63
2015-09-27 15:00:00,1.35
2015-09-27 18:00:00,-0.9
2015-09-28 06:00:00,-0.6
2015-09-28 07:50:00,-1.75
2015-09-28 09:00:00,-0.18
2015-09-28 12:00:00,5.44
2015-09-28 15:00:00,1.86
2015-09-28 18:00:00,-0.49
2015-09-29 06:00:00,-0.02
2015-09-29 08:35:00,-1.92
2015-09-29 09:00:00,-1.85
2015-09-29 12:00:00,2.62
2015-09-29 12:50:00,2.77
2015-09-29 15:00:00,2.23
2015-09-29 18:00:00,0.05
2015-09-30 06:00:00,0.58
2015-09-30 09:00:00,-1.4
2015-09-30 09:30:00,-1.85
2015-09-30 12:00:00,2.19
2015-09-30 13:20:00,2.77
2015-09-30 15:00:00,2.46
2015-09-30 18:00:00,0.65
2015-10-01 06:00:00,1.08
2015-10-01 09:00:00,-1.07
2015-10-01 10:00:00,-1.6
2015-10-01 12:00:00,1.26
2015-10-01 14:15:00,2.69
2015-10-01 15:00:00,2.58
2015-10-01 18:00:00,1.05
2015-10-02 06:00:00,1.43
2015-10-02 09:00:00,-0.73
2015-10-02 10:30:00,-1.35
2015-10-02 12:00:00,0.55
2015-10-02 15:00:00,2.55
2015-10-02 15:10:00,2.58
2015-10-02 18:00:00,1.4
2015-10-03 06:00:00,1.68
2015-10-03 09:00:00,-0.29
2015-10-03 10:50:00,-1.05
2015-10-03 12:00:00,-0.44
2015-10-03 15:00:00,2.2
2015-10-03 15:40:00,2.35
2015-10-03 18:00:00,1.62
2015-10-04 06:00:00,1.86
2015-10-04 09:00:00,0.14
2015-10-04 11:30:00,-0.73
2015-10-04 12:00:00,-0.72
2015-10-04 15:00:00,1.57
2015-10-04 16:30:00,2.06
2015-10-04 18:00:00,1.8
2015-10-05 06:00:00,3.96
2015-10-05 09:00:00,0.55
2015-10-05 12:00:00,-0.54
2015-10-05 12:16:00,-0.56
2015-10-05 15:00:00,0.93
2015-10-05 18:00:00,1.82
2015-10-06 06:00:00,1.93
2015-10-06 06:10:00,1.95
2015-10-06 09:00:00,1.14
2015-10-06 12:00:00,-0.07
2015-10-06 13:10:00,-0.3
2015-10-06 15:00:00,0.26
2015-10-06 18:00:00,1.6
2015-10-07 06:00:00,1.61
2015-10-07 07:50:00,2.02
2015-10-07 09:00:00,1.88
2015-10-07 12:00:00,0.83
2015-10-07 15:00:00,0.1
2015-10-07 18:00:00,1.13
2015-10-08 06:00:00,0.83
2015-10-08 08:15:00,2.18
2015-10-08 09:00:00,2.16
2015-10-08 12:00:00,1.65
2015-10-08 15:00:00,0.12
2015-10-08 16:50:00,-0.38
2015-10-08 18:00:00,0.01
2015-10-09 06:00:00,-0.28
2015-10-09 09:00:00,1.93
2015-10-09 10:15:00,2.22
2015-10-09 12:00:00,1.9
2015-10-09 15:00:00,0.27
2015-10-09 17:40:00,-0.75
2015-10-09 18:00:00,-0.72
2015-10-10 06:00:00,-0.76
2015-10-10 09:00:00,1.65
2015-10-10 11:50:00,2.34
2015-10-10 12:00:00,2.13
2015-10-10 15:00:00,0.67
2015-10-10 18:00:00,-1.9
2015-10-11 06:00:00,-0.82
2015-10-11 06:35:00,-0.97
2015-10-11 09:00:00,1.21
2015-10-11 12:00:00,4.8
2015-10-11 15:00:00,2.08
2015-10-11 18:00:00,-0.81
2015-10-12 06:00:00,-0.67
2015-10-12 07:25:00,-1.11
2015-10-12 09:00:00,0.46
2015-10-12 12:00:00,4.94
2015-10-12 15:00:00,1.35
2015-10-12 18:00:00,-0.7
2015-10-13 06:00:00,-0.25
2015-10-13 08:10:00,-1.15
2015-10-13 09:00:00,-0.24
2015-10-13 12:00:00,2.52
2015-10-13 12:20:00,2.55
2015-10-13 15:00:00,1.74
2015-10-13 18:00:00,-0.33
2015-10-14 06:00:00,0.08
2015-10-14 08:25:00,-1.16
2015-10-14 09:00:00,-1
2015-10-14 12:00:00,2.38
2015-10-14 12:50:00,2.57
2015-10-14 15:00:00,1.97
2015-10-14 18:00:00,0.02
2015-10-15 06:00:00,0.41
2015-10-15 09:00:00,-2.22
2015-10-15 12:00:00,2.17
2015-10-15 13:35:00,2.55
2015-10-15 15:00:00,2.13
2015-10-15 18:00:00,0.28
2015-10-16 06:00:00,0.68
2015-10-16 09:00:00,-1.08
2015-10-16 09:45:00,-1.26
2015-10-16 12:00:00,1.66
2015-10-16 14:15:00,2.45
2015-10-16 15:00:00,2.22
2015-10-16 18:00:00,0.48
2015-10-17 06:00:00,0.93
2015-10-17 09:00:00,-0.98
2015-10-17 10:30:00,-1.3
2015-10-17 12:00:00,1.05
2015-10-17 15:00:00,4.42
2015-10-17 18:00:00,0.68
2015-10-18 06:00:00,0.92
2015-10-18 09:00:00,-0.82
2015-10-18 10:40:00,-1.04
2015-10-18 12:00:00,0.4
2015-10-18 15:00:00,2.11
2015-10-18 15:20:00,2.13
2015-10-18 18:00:00,0.97
2015-10-19 06:00:00,1.52
2015-10-19 09:00:00,-0.45
2015-10-19 11:00:00,-1.2
2015-10-19 12:00:00,-0.35
2015-10-19 15:00:00,1.9
2015-10-19 15:30:00,2.1
2015-10-19 18:00:00,1.35
2015-10-20 06:00:00,1.56
2015-10-20 09:00:00,0.05
2015-10-20 11:30:00,-1.15
2015-10-20 12:00:00,-0.9
2015-10-20 15:00:00,1.78
2015-10-20 16:00:00,1.86
2015-10-20 18:00:00,1.67
2015-10-21 06:00:00,1.9
2015-10-21 06:30:00,2
2015-10-21 09:00:00,0.53
2015-10-21 11:45:00,-0.9
2015-10-21 12:00:00,-0.62
2015-10-21 15:00:00,0.67
2015-10-21 18:00:00,1.6
2015-10-22 06:00:00,1.75
2015-10-22 07:00:00,1.9
2015-10-22 09:00:00,0.22
2015-10-22 12:00:00,-2.56
2015-10-22 15:00:00,-0.39
2015-10-22 18:00:00,1.29
2015-10-23 06:00:00,1.18
2015-10-23 08:30:00,1.99
2015-10-23 09:00:00,1.95
2015-10-23 12:00:00,0.55
2015-10-23 15:00:00,-0.75
2015-10-23 15:35:00,-0.85
2015-10-23 18:00:00,0.47
2015-10-24 06:00:00,0.1
2015-10-24 09:00:00,2.04
2015-10-24 09:40:00,2.14
2015-10-24 12:00:00,1.45
2015-10-24 15:00:00,-0.49
2015-10-24 17:00:00,-1.15
2015-10-24 18:00:00,-0.7
2015-10-25 06:00:00,-1.06
2015-10-25 09:00:00,1.8
2015-10-25 10:30:00,2.27
2015-10-25 12:00:00,1.97
2015-10-25 15:00:00,0.08
2015-10-25 18:00:00,-2.45
2015-10-26 06:00:00,-1.24
2015-10-26 06:30:00,-1.45
2015-10-26 09:00:00,1.19
2015-10-26 11:30:00,2.42
2015-10-26 12:00:00,2.36
2015-10-26 15:00:00,0.8
2015-10-26 18:00:00,-1.3
2015-10-27 06:00:00,-0.87
2015-10-27 07:30:00,-1.57
2015-10-27 09:00:00,0.17
2015-10-27 12:00:00,5.14
2015-10-27 15:00:00,1.35
2015-10-27 18:00:00,-1
2015-10-28 06:00:00,-0.33
2015-10-28 08:15:00,-1.59
2015-10-28 09:00:00,-1.43
2015-10-28 12:00:00,2.49
2015-10-28 12:40:00,2.6
2015-10-28 15:00:00,1.83
2015-10-28 18:00:00,-0.75
2015-10-29 06:00:00,0.28
2015-10-29 08:15:00,-1.58
2015-10-29 09:00:00,-1.55
2015-10-29 12:00:00,2.08
2015-10-29 13:45:00,2.6
2015-10-29 15:00:00,2.13
2015-10-29 18:00:00,0.08
2015-10-30 06:00:00,0.73
2015-10-30 09:00:00,-1.32
2015-10-30 10:00:00,-1.54
2015-10-30 12:00:00,1.35
2015-10-30 14:15:00,2.45
2015-10-30 15:00:00,2.32
2015-10-30 18:00:00,0.61
2015-10-31 06:00:00,1.09
2015-10-31 09:00:00,-0.91
2015-10-31 10:30:00,-1.32
2015-10-31 12:00:00,0.48
2015-10-31 15:00:00,4.54
2015-10-31 18:00:00,1.05
2015-11-01 06:00:00,1.51
2015-11-01 09:00:00,-0.52
2015-11-01 11:00:00,-1.25
2015-11-01 12:00:00,0.95
2015-11-01 15:00:00,2.16
2015-11-01 15:30:00,2.24
2015-11-01 18:00:00,1.37
2015-11-02 06:00:00,1.72
2015-11-02 09:00:00,-0.07
2015-11-02 11:30:00,-0.85
2015-11-02 12:00:00,-0.8
2015-11-02 15:00:00,1.6
2015-11-02 16:30:00,2
2015-11-02 18:00:00,1.77
2015-11-03 06:00:00,3.56
2015-11-03 09:00:00,0.1
2015-11-03 11:50:00,-0.82
2015-11-03 12:00:00,-0.8
2015-11-03 15:00:00,1
2015-11-03 18:00:00,1.68
2015-11-04 06:00:00,1.75
2015-11-04 06:40:00,1.8
2015-11-04 09:00:00,0.65
2015-11-04 12:00:00,-0.45
2015-11-04 12:30:00,-0.6
2015-11-04 15:00:00,0.36
2015-11-04 18:00:00,1.45
2015-11-05 06:00:00,1.6
2015-11-05 07:00:00,1.75
2015-11-05 09:00:00,0.26
2015-11-05 12:00:00,-0.01
2015-11-05 14:00:00,-0.62
2015-11-05 15:00:00,-0.43
2015-11-05 18:00:00,1.01
2015-11-06 06:00:00,0.83
2015-11-06 09:00:00,3.32
2015-11-06 12:00:00,0.58
2015-11-06 15:00:00,-0.6
2015-11-06 16:00:00,-0.69
2015-11-06 18:00:00,0.3
2015-11-07 06:00:00,0.02
2015-11-07 09:00:00,1.59
2015-11-07 09:40:00,1.68
2015-11-07 12:00:00,1.23
2015-11-07 15:00:00,-0.7
2015-11-07 16:30:00,-0.45
2015-11-07 18:00:00,0.43
2015-11-08 06:00:00,-0.75
2015-11-08 09:00:00,1.34
2015-11-08 11:00:00,1.86
2015-11-08 12:00:00,1.63
2015-11-08 15:00:00,-0.65
2015-11-08 18:00:00,-1.8
2015-11-09 06:00:00,-1
2015-11-09 09:00:00,0.9
2015-11-09 11:30:00,1.95
2015-11-09 12:00:00,1.87
2015-11-09 15:00:00,0.22
2015-11-09 18:00:00,-2.3
2015-11-10 06:00:00,-1.06
2015-11-10 06:45:00,-1.2
2015-11-10 09:00:00,0.52
2015-11-10 12:00:00,4.08
2015-11-10 15:00:00,0.63
2015-11-10 18:00:00,-1.12
2015-11-11 06:00:00,-0.9
2015-11-11 07:00:00,-1.32
2015-11-11 09:00:00,-0.09
2015-11-11 12:00:00,1.98
2015-11-11 12:30:00,2.1
2015-11-11 15:00:00,0.99
2015-11-11 18:00:00,-0.97
2015-11-12 06:00:00,-0.65
2015-11-12 07:45:00,-1.41
2015-11-12 09:00:00,-0.72
2015-11-12 12:00:00,1.91
2015-11-12 13:00:00,2.1
2015-11-12 15:00:00,1.34
2015-11-12 18:00:00,-0.72
2015-11-13 06:00:00,-0.25
2015-11-13 08:40:00,-1.33
2015-11-13 09:00:00,-1.3
2015-11-13 12:00:00,1.7
2015-11-13 13:45:00,2.15
2015-11-13 15:00:00,1.7
2015-11-13 18:00:00,-0.59
2015-11-14 06:00:00,0.23
2015-11-14 09:00:00,-2.54
2015-11-14 12:00:00,1.56
2015-11-14 14:00:00,2.14
2015-11-14 15:00:00,1.96
2015-11-14 18:00:00,0.03
2015-11-15 06:00:00,0.6
2015-11-15 09:00:00,-1.25
2015-11-15 09:20:00,-1.3
2015-11-15 12:00:00,1.93
2015-11-15 14:40:00,2.13
2015-11-15 15:00:00,2.11
2015-11-15 18:00:00,0.46
2015-11-16 06:00:00,0.98
2015-11-16 09:00:00,-0.85
2015-11-16 10:00:00,-1.13
2015-11-16 12:00:00,0.38
2015-11-16 15:00:00,3.98
2015-11-16 18:00:00,0.81
2015-11-17 06:00:00,1.37
2015-11-17 09:00:00,-0.46
2015-11-17 10:50:00,-0.99
2015-11-17 12:00:00,-0.28
2015-11-17 15:00:00,1.69
2015-11-17 16:00:00,1.95
2015-11-17 18:00:00,1.22
2015-11-18 06:00:00,1.7
2015-11-18 09:00:00,-0.02
2015-11-18 11:40:00,-0.9
2015-11-18 12:00:00,-0.82
2015-11-18 15:00:00,1.28
2015-11-18 17:00:00,1.81
2015-11-18 18:00:00,1.57
2015-11-19 06:00:00,3.76
2015-11-19 09:00:00,0.37
2015-11-19 12:00:00,-0.82
2015-11-19 12:30:00,-0.88
2015-11-19 15:00:00,0.6
2015-11-19 18:00:00,1.68
2015-11-20 06:00:00,1.74
2015-11-20 06:40:00,1.82
2015-11-20 09:00:00,1.08
2015-11-20 12:00:00,-0.44
2015-11-20 13:50:00,-0.86
2015-11-20 15:00:00,-0.43
2015-11-20 18:00:00,1.26
2015-11-21 06:00:00,1.25
2015-11-21 08:00:00,1.85
2015-11-21 09:00:00,1.73
2015-11-21 12:00:00,0.05
2015-11-21 14:35:00,-0.92
2015-11-21 15:00:00,-0.88
2015-11-21 18:00:00,0.63
2015-11-22 06:00:00,0.35
2015-11-22 09:00:00,1.74
2015-11-22 09:30:00,1.86
2015-11-22 12:00:00,0.91
2015-11-22 15:00:00,-0.65
2015-11-22 16:40:00,-1
2015-11-22 18:00:00,-0.2
2015-11-23 06:00:00,-0.63
2015-11-23 09:00:00,1.58
2015-11-23 10:35:00,2.02
2015-11-23 12:00:00,1.67
2015-11-23 15:00:00,-0.21
2015-11-23 18:00:00,-2.2
2015-11-24 06:00:00,-1.12
2015-11-24 09:00:00,1.23
2015-11-24 11:15:00,2.2
2015-11-24 12:00:00,2.11
2015-11-24 15:00:00,0.4
2015-11-24 18:00:00,-2.64
2015-11-25 06:00:00,-1.01
2015-11-25 07:00:00,-1.37
2015-11-25 09:00:00,0.43
2015-11-25 12:00:00,4.68
2015-11-25 15:00:00,1
2015-11-25 18:00:00,-1.13
2015-11-26 06:00:00,-0.54
2015-11-26 08:00:00,-1.52
2015-11-26 09:00:00,-0.73
2015-11-26 12:00:00,2.37
2015-11-26 12:30:00,2.42
2015-11-26 15:00:00,1.55
2015-11-26 18:00:00,-0.7
2015-11-27 06:00:00,0.06
2015-11-27 08:30:00,-1.5
2015-11-27 09:00:00,-1.45
2015-11-27 12:00:00,1.98
2015-11-27 13:15:00,2.38
2015-11-27 15:00:00,1.91
2015-11-27 18:00:00,-0.18
2015-11-28 06:00:00,0.57
2015-11-28 07:00:00,-1.54
2015-11-28 09:00:00,-1.44
2015-11-28 12:00:00,1.4
2015-11-28 15:00:00,4.24
2015-11-28 18:00:00,-0.35
2015-11-29 06:00:00,0.92
2015-11-29 09:00:00,-1.15
2015-11-29 10:00:00,-1.65
2015-11-29 12:00:00,0.55
2015-11-29 15:00:00,4.12
2015-11-29 18:00:00,0.58
2015-11-30 06:00:00,1.17
2015-11-30 09:00:00,-0.67
2015-11-30 10:30:00,-1.13
2015-11-30 12:00:00,-0.13
2015-11-30 15:00:00,1.78
2015-11-30 15:45:00,1.93
2015-11-30 18:00:00,1
2015-11-30 20:00:00,0.18
2015-12-01 06:00:00,1.47
2015-12-01 09:00:00,-0.29
2015-12-01 11:15:00,-0.94
2015-12-01 12:00:00,-0.62
2015-12-01 15:00:00,1.47
2015-12-01 16:40:00,1.81
2015-12-01 18:00:00,1.44
2015-12-02 06:00:00,1.68
2015-12-02 09:00:00,0.04
2015-12-02 11:45:00,-0.82
2015-12-02 12:00:00,-0.77
2015-12-02 15:00:00,0.92
2015-12-02 17:30:00,1.69
2015-12-02 18:00:00,1.58
2015-12-03 06:00:00,3.56
2015-12-03 09:00:00,0.36
2015-12-03 12:00:00,-0.7
2015-12-03 12:15:00,-0.72
2015-12-03 15:00:00,0.52
2015-12-03 18:00:00,1.56
2015-12-04 06:00:00,1.7
2015-12-04 06:25:00,1.72
2015-12-04 09:00:00,0.87
2015-12-04 12:00:00,-0.42
2015-12-04 13:15:00,-0.65
2015-12-04 15:00:00,-0.07
2015-12-04 18:00:00,1.26
2015-12-05 06:00:00,1.27
2015-12-05 07:20:00,1.55
2015-12-05 09:00:00,1.31
2015-12-05 12:00:00,0.01
2015-12-05 14:30:00,-0.62
2015-12-05 15:00:00,-0.58
2015-12-05 18:00:00,0.89
2015-12-06 06:00:00,0.66
2015-12-06 09:00:00,3.18
2015-12-06 12:00:00,0.63
2015-12-06 15:00:00,-0.55
2015-12-06 15:45:00,-0.67
2015-12-06 18:00:00,0.27
2015-12-07 06:00:00,-0.01
2015-12-07 09:00:00,1.45
2015-12-07 10:20:00,1.64
2015-12-07 12:00:00,1.16
2015-12-07 15:00:00,-0.29
2015-12-07 16:50:00,-0.74
2015-12-07 18:00:00,-0.4
2015-12-08 06:00:00,-0.57
2015-12-08 09:00:00,1.17
2015-12-08 11:00:00,1.73
2015-12-08 12:00:00,1.68
2015-12-08 15:00:00,0
2015-12-08 18:00:00,-1.72
2015-12-09 06:00:00,-0.72
2015-12-09 09:00:00,0.81
2015-12-09 12:00:00,3.64
2015-12-09 15:00:00,0.38
2015-12-09 18:00:00,-1.78
2015-12-10 06:00:00,-0.72
2015-12-10 07:00:00,-0.91
2015-12-10 09:00:00,0.4
2015-12-10 12:00:00,1.96
2015-12-10 12:10:00,1.97
2015-12-10 15:00:00,0.83
2015-12-10 18:00:00,-0.7
2015-12-11 06:00:00,-0.57
2015-12-11 07:30:00,-1.02
2015-12-11 09:00:00,-0.22
2015-12-11 12:00:00,1.97
2015-12-11 12:45:00,2.09
2015-12-11 15:00:00,1.24
2015-12-11 18:00:00,-0.67
2015-12-12 06:00:00,-0.22
2015-12-12 08:15:00,-1.23
2015-12-12 09:00:00,-0.99
2015-12-12 12:00:00,1.84
2015-12-12 13:15:00,2.15
2015-12-12 15:00:00,1.64
2015-12-12 18:00:00,-0.45
2015-12-13 06:00:00,0.22
2015-12-13 08:35:00,-1.35
2015-12-13 09:00:00,-1.3
2015-12-13 12:00:00,1.47
2015-12-13 14:00:00,2.15
2015-12-13 15:00:00,1.92
2015-12-13 18:00:00,-0.04
2015-12-14 06:00:00,0.53
2015-12-14 08:45:00,-1.3
2015-12-14 09:00:00,-1.26
2015-12-14 12:00:00,0.91
2015-12-14 14:35:00,2.11
2015-12-14 15:00:00,2.07
2015-12-14 18:00:00,0.14
2015-12-15 06:00:00,0.82
2015-12-15 09:00:00,-0.97
2015-12-15 09:45:00,-1.22
2015-12-15 12:00:00,0.2
2015-12-15 15:00:00,1.93
2015-12-15 15:25:00,1.96
2015-12-15 18:00:00,0.7
2015-12-16 06:00:00,1.25
2015-12-16 09:00:00,-0.62
2015-12-16 10:30:00,-1.19
2015-12-16 12:00:00,-0.55
2015-12-16 15:00:00,1.58
2015-12-16 16:30:00,1.87
2015-12-16 18:00:00,1.27
2015-12-17 06:00:00,1.62
2015-12-17 09:00:00,-1.05
2015-12-17 11:00:00,-1.2
2015-12-17 12:00:00,-0.95
2015-12-17 15:00:00,1.32
2015-12-17 18:00:00,3.24
2015-12-18 06:00:00,3.9
2015-12-18 09:00:00,0.35
2015-12-18 12:00:00,-0.8
2015-12-18 12:30:00,-0.95
2015-12-18 15:00:00,0.55
2015-12-18 18:00:00,1.78
2015-12-19 06:00:00,1.85
2015-12-19 06:20:00,1.95
2015-12-19 09:00:00,0.76
2015-12-19 12:00:00,-0.45
2015-12-19 13:40:00,-0.96
2015-12-19 15:00:00,-0.22
2015-12-19 18:00:00,1.4
2015-12-20 06:00:00,1.37
2015-12-20 07:50:00,1.74
2015-12-20 09:00:00,1.44
2015-12-20 12:00:00,-0.15
2015-12-20 14:40:00,-0.96
2015-12-20 15:00:00,-0.93
2015-12-20 18:00:00,0.9
2015-12-21 06:00:00,0.7
2015-12-21 09:00:00,3.48
2015-12-21 12:00:00,0.52
2015-12-21 15:00:00,-0.8
2015-12-21 16:10:00,-0.96
2015-12-21 18:00:00,0.25
2015-12-22 06:00:00,-0.3
2015-12-22 09:00:00,1.57
2015-12-22 10:20:00,1.8
2015-12-22 12:00:00,1.27
2015-12-22 15:00:00,-0.39
2015-12-22 17:15:00,-1
2015-12-22 18:00:00,-0.67
2015-12-23 06:00:00,-0.97
2015-12-23 09:00:00,1.09
2015-12-23 11:15:00,1.87
2015-12-23 12:00:00,1.78
2015-12-23 15:00:00,0.05
2015-12-23 18:00:00,-2.14
2015-12-24 06:00:00,-0.92
2015-12-24 06:40:00,-1.1
2015-12-24 09:00:00,0.43
2015-12-24 12:00:00,3.9
2015-12-24 15:00:00,0.62
2015-12-24 18:00:00,-1
2015-12-25 06:00:00,-0.71
2015-12-25 07:30:00,-1.3
2015-12-25 09:00:00,-0.52
2015-12-25 12:00:00,1.75
2015-12-25 13:00:00,1.95
2015-12-25 15:00:00,1.08
2015-12-25 18:00:00,-0.85
2015-12-26 06:00:00,-0.44
2015-12-26 08:30:00,-1.49
2015-12-26 09:00:00,-1.4
2015-12-26 12:00:00,1.41
2015-12-26 14:00:00,1.95
2015-12-26 15:00:00,1.54
2015-12-26 18:00:00,-0.46
2015-12-27 06:00:00,0.13
2015-12-27 09:00:00,-2.94
2015-12-27 12:00:00,0.98
2015-12-27 14:30:00,1.97
2015-12-27 15:00:00,1.87
2015-12-27 18:00:00,0
2015-12-28 06:00:00,0.61
2015-12-28 09:00:00,-1.18
2015-12-28 09:45:00,-1.32
2015-12-28 12:00:00,0.61
2015-12-28 15:00:00,4.02
2015-12-28 18:00:00,0.45
2015-12-29 06:00:00,0.95
2015-12-29 09:00:00,-0.87
2015-12-29 10:30:00,-1.14
2015-12-29 12:00:00,0.07
2015-12-29 15:00:00,1.86
2015-12-29 15:30:00,1.95
2015-12-29 18:00:00,1.86
2015-12-30 06:00:00,1.29
2015-12-30 09:00:00,-0.52
2015-12-30 10:45:00,-1.06
2015-12-30 12:00:00,-0.41
2015-12-30 15:00:00,1.64
2015-12-30 16:15:00,1.93
2015-12-30 18:00:00,1.24
2015-12-31 06:00:00,1.55
2015-12-31 09:00:00,-0.28
2015-12-31 11:30:00,-1
2015-12-31 12:00:00,-0.85
2015-12-31 15:00:00,1.31
2015-12-31 16:50:00,1.83
2015-12-31 18:00:00,1.49
2016-01-01 06:00:00,1.66
2016-01-01 09:00:00,-0.11
2016-01-01 12:00:00,-1.86
2016-01-01 15:00:00,0.89
2016-01-01 17:40:00,1.66
2016-01-01 18:00:00,1.6
2016-01-02 06:00:00,3.36
2016-01-02 09:00:00,0.24
2016-01-02 12:00:00,-0.81
2016-01-02 12:30:00,-0.86
2016-01-02 15:00:00,0.4
2016-01-02 18:00:00,1.47
2016-01-03 06:00:00,1.55
2016-01-03 06:20:00,1.57
2016-01-03 09:00:00,0.68
2016-01-03 12:00:00,-0.55
2016-01-03 13:15:00,-0.75
2016-01-03 15:00:00,-0.07
2016-01-03 18:00:00,1.2
2016-01-04 06:00:00,1.12
2016-01-04 07:40:00,1.46
2016-01-04 09:00:00,1.16
2016-01-04 12:00:00,-0.17
2016-01-04 14:40:00,-0.74
2016-01-04 15:00:00,-0.63
2016-01-04 18:00:00,0.83
2016-01-05 06:00:00,0.54
2016-01-05 09:00:00,2.76
2016-01-05 12:00:00,0.39
2016-01-05 15:00:00,-0.7
2016-01-05 15:30:00,-0.75
2016-01-05 18:00:00,0.12
2016-01-06 06:00:00,-0.22
2016-01-06 09:00:00,1.19
2016-01-06 10:15:00,1.43
2016-01-06 12:00:00,0.99
2016-01-06 15:00:00,-0.42
2016-01-06 17:00:00,-0.9
2016-01-06 18:00:00,-0.55
2016-01-07 06:00:00,-0.79
2016-01-07 09:00:00,0.8
2016-01-07 11:30:00,1.48
2016-01-07 12:00:00,1.37
2016-01-07 15:00:00,-0.05
2016-01-07 18:00:00,-2.04
2016-01-08 06:00:00,-0.86
2016-01-08 06:35:00,-0.98
2016-01-08 09:00:00,0.41
2016-01-08 12:00:00,3.3
2016-01-08 15:00:00,0.36
2016-01-08 18:00:00,-0.97
2016-01-09 06:00:00,-0.8
2016-01-09 07:00:00,-1.1
2016-01-09 09:00:00,-0.11
2016-01-09 12:00:00,1.67
2016-01-09 12:40:00,1.68
2016-01-09 15:00:00,0.83
2016-01-09 18:00:00,-0.88
2016-01-10 06:00:00,-0.58
2016-01-10 08:00:00,-1.38
2016-01-10 09:00:00,-1
2016-01-10 12:00:00,1.59
2016-01-10 13:15:00,1.92
2016-01-10 15:00:00,1.37
2016-01-10 18:00:00,-0.67
2016-01-11 06:00:00,-0.25
2016-01-11 09:00:00,-3
2016-01-11 12:00:00,1.35
2016-01-11 13:40:00,2.03
2016-01-11 15:00:00,1.74
2016-01-11 18:00:00,-0.28
2016-01-12 06:00:00,0.33
2016-01-12 09:00:00,-1.57
2016-01-12 09:30:00,-1.65
2016-01-12 12:00:00,0.87
2016-01-12 14:30:00,2.1
2016-01-12 15:00:00,2.04
2016-01-12 18:00:00,0.17
2016-01-13 06:00:00,0.76
2016-01-13 09:00:00,-1.33
2016-01-13 10:00:00,-1.78
2016-01-13 12:00:00,0.25
2016-01-13 15:00:00,4.3
2016-01-13 18:00:00,0.74
2016-01-14 06:00:00,1.23
2016-01-14 09:00:00,-0.93
2016-01-14 10:35:00,-1.53
2016-01-14 12:00:00,-0.55
2016-01-14 15:00:00,1.88
2016-01-14 15:50:00,2.04
2016-01-14 18:00:00,1.19
2016-01-15 06:00:00,1.55
2016-01-15 09:00:00,-0.4
2016-01-15 11:15:00,-1.35
2016-01-15 12:00:00,-1.05
2016-01-15 15:00:00,1.38
2016-01-15 17:00:00,1.9
2016-01-15 18:00:00,1.63
2016-01-16 06:00:00,1.8
2016-01-16 09:00:00,0.02
2016-01-16 12:00:00,-1.1
2016-01-16 12:10:00,-1.11
2016-01-16 15:00:00,1.35
2016-01-16 18:00:00,3.6
2016-01-17 06:00:00,3.6
2016-01-17 09:00:00,0.37
2016-01-17 12:00:00,-0.94
2016-01-17 12:45:00,-1.07
2016-01-17 15:00:00,0.53
2016-01-17 18:00:00,1.53
2016-01-18 06:00:00,1.43
2016-01-18 07:00:00,1.54
2016-01-18 09:00:00,0.84
2016-01-18 12:00:00,-0.34
2016-01-18 13:50:00,-0.95
2016-01-18 15:00:00,-0.43
2016-01-18 18:00:00,1.09
2016-01-19 06:00:00,0.9
2016-01-19 08:40:00,1.45
2016-01-19 09:00:00,1.37
2016-01-19 12:00:00,0.25
2016-01-19 15:00:00,-0.95
2016-01-19 15:40:00,-1
2016-01-19 18:00:00,1.37
2016-01-20 06:00:00,-0.17
2016-01-20 09:00:00,1.27
2016-01-20 10:00:00,1.42
2016-01-20 12:00:00,0.76
2016-01-20 15:00:00,-0.62
2016-01-20 17:00:00,-1.08
2016-01-20 18:00:00,-0.78
2016-01-21 06:00:00,-0.91
2016-01-21 09:00:00,0.8
2016-01-21 11:10:00,1.44
2016-01-21 12:00:00,1.34
2016-01-21 15:00:00,-0.21
2016-01-21 18:00:00,-2.26
2016-01-22 06:00:00,-0.97
2016-01-22 06:45:00,-1.1
2016-01-22 09:00:00,0.27
2016-01-22 12:00:00,3.1
2016-01-22 15:00:00,0.3
2016-01-22 18:00:00,-1.03
2016-01-23 06:00:00,-0.86
2016-01-23 07:45:00,-1.28
2016-01-23 09:00:00,-0.53
2016-01-23 12:00:00,1.38
2016-01-23 13:00:00,1.57
2016-01-23 15:00:00,0.81
2016-01-23 18:00:00,-0.88
2016-01-24 06:00:00,-0.58
2016-01-24 08:15:00,-1.34
2016-01-24 09:00:00,-1.06
2016-01-24 12:00:00,1.34
2016-01-24 13:30:00,1.72
2016-01-24 15:00:00,1.15
2016-01-24 18:00:00,-1.33
2016-01-25 06:00:00,-0.17
2016-01-25 08:50:00,-1.41
2016-01-25 09:00:00,-1.4
2016-01-25 12:00:00,0.97
2016-01-25 14:00:00,1.75
2016-01-25 15:00:00,1.52
2016-01-25 18:00:00,-0.26
2016-01-26 06:00:00,0.17
2016-01-26 09:00:00,-1.39
2016-01-26 09:20:00,-1.45
2016-01-26 12:00:00,0.7
2016-01-26 14:35:00,1.86
2016-01-26 15:00:00,1.84
2016-01-26 18:00:00,0.15
2016-01-27 06:00:00,0.52
2016-01-27 09:00:00,-1.17
2016-01-27 10:10:00,-1.33
2016-01-27 12:00:00,0.36
2016-01-27 15:00:00,1.86
2016-01-27 15:10:00,1.87
2016-01-27 18:00:00,0.58
2016-01-28 06:00:00,1.05
2016-01-28 09:00:00,-0.9
2016-01-28 10:30:00,-1.28
2016-01-28 12:00:00,0.02
2016-01-28 15:00:00,1.65
2016-01-28 15:45:00,1.78
2016-01-28 18:00:00,0.84
2016-01-29 06:00:00,1.1
2016-01-29 09:00:00,-0.66
2016-01-29 10:55:00,-1.14
2016-01-29 12:00:00,-0.5
2016-01-29 15:00:00,1.46
2016-01-29 16:20:00,1.74
2016-01-29 18:00:00,1.19
2016-01-30 06:00:00,1.31
2016-01-30 09:00:00,-0.4
2016-01-30 11:10:00,-1.05
2016-01-30 12:00:00,-0.83
2016-01-30 15:00:00,1.19
2016-01-30 16:50:00,1.67
2016-01-30 18:00:00,1.48
2016-01-31 06:00:00,1.47
2016-01-31 09:00:00,-0.12
2016-01-31 11:50:00,-0.98
2016-01-31 12:00:00,-0.97
2016-01-31 15:00:00,0.89
2016-01-31 17:25:00,1.55
2016-01-31 18:00:00,1.53
2016-02-01 06:00:00,3
2016-02-01 09:00:00,0.11
2016-02-01 12:00:00,-0.9
2016-02-01 12:15:00,-0.93
2016-02-01 15:00:00,0.39
2016-02-01 18:00:00,1.42
2016-02-02 06:00:00,2.84
2016-02-02 09:00:00,0.44
2016-02-02 12:00:00,-0.72
2016-02-02 13:00:00,-0.87
2016-02-02 15:00:00,-0.11
2016-02-02 18:00:00,1.13
2016-02-03 06:00:00,0.91
2016-02-03 07:15:00,1.45
2016-02-03 09:00:00,0.84
2016-02-03 12:00:00,-0.36
2016-02-03 14:30:00,-0.85
2016-02-03 15:00:00,-0.72
2016-02-03 18:00:00,0.64
2016-02-04 06:00:00,0.19
2016-02-04 09:00:00,1.09
2016-02-04 09:10:00,1.1
2016-02-04 12:00:00,0.32
2016-02-04 15:00:00,-0.76
2016-02-04 16:05:00,-0.92
2016-02-04 18:00:00,-0.19
2016-02-05 06:00:00,-0.61
2016-02-05 09:00:00,0.86
2016-02-05 10:30:00,1.27
2016-02-05 12:00:00,1.03
2016-02-05 15:00:00,-0.38
2016-02-05 17:20:00,-0.97
2016-02-05 18:00:00,-0.92
2016-02-06 06:00:00,-0.9
2016-02-06 09:00:00,0.51
2016-02-06 12:00:00,2.88
2016-02-06 15:00:00,0.09
2016-02-06 18:00:00,-2.08
2016-02-07 06:00:00,-0.93
2016-02-07 07:00:00,-1.14
2016-02-07 09:00:00,0.04
2016-02-07 12:00:00,1.61
2016-02-07 12:30:00,1.68
2016-02-07 15:00:00,0.6
2016-02-07 18:00:00,-1
2016-02-08 06:00:00,-0.81
2016-02-08 07:45:00,-1.43
2016-02-08 09:00:00,-0.67
2016-02-08 12:00:00,1.81
2016-02-08 13:00:00,1.88
2016-02-08 15:00:00,1.2
2016-02-08 18:00:00,-0.84
2016-02-09 06:00:00,-0.46
2016-02-09 08:30:00,-1.64
2016-02-09 09:00:00,-1.55
2016-02-09 12:00:00,1.77
2016-02-09 13:30:00,2.22
2016-02-09 15:00:00,1.8
2016-02-09 18:00:00,-0.35
2016-02-10 06:00:00,0.05
2016-02-10 09:00:00,-3.54
2016-02-10 12:00:00,1.47
2016-02-10 14:00:00,2.34
2016-02-10 15:00:00,2.14
2016-02-10 18:00:00,0.21
2016-02-11 06:00:00,0.71
2016-02-11 09:00:00,-1.47
2016-02-11 10:00:00,-1.83
2016-02-11 12:00:00,0.72
2016-02-11 14:40:00,2.38
2016-02-11 15:00:00,2.35
2016-02-11 18:00:00,0.81
2016-02-12 06:00:00,1.11
2016-02-12 09:00:00,-1.17
2016-02-12 10:30:00,-1.76
2016-02-12 12:00:00,-0.21
2016-02-12 15:00:00,2.3
2016-02-12 15:20:00,2.32
2016-02-12 18:00:00,1.27
2016-02-13 06:00:00,1.38
2016-02-13 09:00:00,-0.82
2016-02-13 11:00:00,-1.64
2016-02-13 12:00:00,-0.99
2016-02-13 15:00:00,1.88
2016-02-13 16:15:00,2.17
2016-02-13 18:00:00,1.63
2016-02-14 06:00:00,1.62
2016-02-14 09:00:00,-0.33
2016-02-14 12:00:00,-2.6
2016-02-14 15:00:00,1.15
2016-02-14 17:10:00,1.92
2016-02-14 18:00:00,1.79
2016-02-15 06:00:00,1.71
2016-02-15 09:00:00,0.08
2016-02-15 12:00:00,-1.07
2016-02-15 12:30:00,-1.24
2016-02-15 15:00:00,0.44
2016-02-15 18:00:00,3.4
2016-02-16 06:00:00,1.46
2016-02-16 06:20:00,1.5
2016-02-16 09:00:00,0.59
2016-02-16 12:00:00,-0.73
2016-02-16 13:10:00,-1
2016-02-16 15:00:00,-0.26
2016-02-16 18:00:00,1.32
2016-02-17 06:00:00,0.95
2016-02-17 07:40:00,1.33
2016-02-17 09:00:00,1.15
2016-02-17 12:00:00,-0.18
2016-02-17 14:35:00,-0.87
2016-02-17 15:00:00,-0.83
2016-02-17 18:00:00,0.77
2016-02-18 06:00:00,0.32
2016-02-18 08:45:00,1.37
2016-02-18 09:00:00,1.17
2016-02-18 12:00:00,0.67
2016-02-18 15:00:00,-0.56
2016-02-18 15:40:00,-0.83
2016-02-18 18:00:00,-0.06
2016-02-19 06:00:00,-1.46
2016-02-19 09:00:00,0.97
2016-02-19 11:00:00,1.65
2016-02-19 12:00:00,1.52
2016-02-19 15:00:00,-0.07
2016-02-19 18:00:00,-0.68
2016-02-20 06:00:00,-0.85
2016-02-20 06:30:00,-0.93
2016-02-20 09:00:00,0.57
2016-02-20 11:50:00,1.72
2016-02-20 12:00:00,1.7
2016-02-20 15:00:00,0.41
2016-02-20 18:00:00,-0.86
2016-02-21 06:00:00,-0.83
2016-02-21 07:45:00,-1.06
2016-02-21 09:00:00,0.08
2016-02-21 12:00:00,1.92
2016-02-21 12:30:00,1.95
2016-02-21 15:00:00,0.95
2016-02-21 18:00:00,-0.8
2016-02-22 06:00:00,-0.59
2016-02-22 08:15:00,-1.13
2016-02-22 09:00:00,-0.58
2016-02-22 12:00:00,1.86
2016-02-22 12:50:00,2.01
2016-02-22 15:00:00,1.32
2016-02-22 18:00:00,-0.64
2016-02-23 06:00:00,-0.37
2016-02-23 08:30:00,-1.48
2016-02-23 09:00:00,-1.29
2016-02-23 12:00:00,1.87
2016-02-23 13:10:00,2.17
2016-02-23 15:00:00,1.67
2016-02-23 18:00:00,-0.24
2016-02-24 06:00:00,0.03
2016-02-24 09:00:00,-2.62
2016-02-24 12:00:00,1.51
2016-02-24 13:40:00,2.26
2016-02-24 15:00:00,2.01
2016-02-24 18:00:00,0.12
2016-02-25 06:00:00,0.37
2016-02-25 09:00:00,-1.39
2016-02-25 09:35:00,-1.42
2016-02-25 12:00:00,1.09
2016-02-25 14:30:00,2.24
2016-02-25 15:00:00,2.15
2016-02-25 18:00:00,0.44
2016-02-26 06:00:00,0.54
2016-02-26 09:00:00,-1.23
2016-02-26 09:50:00,-1.38
2016-02-26 12:00:00,0.51
2016-02-26 15:00:00,4.14
2016-02-26 18:00:00,0.69
2016-02-27 06:00:00,0.79
2016-02-27 09:00:00,0.97
2016-02-27 10:20:00,-1.28
2016-02-27 12:00:00,0
2016-02-27 15:00:00,1.86
2016-02-27 15:45:00,1.94
2016-02-27 18:00:00,0.98
2016-02-28 06:00:00,0.96
2016-02-28 09:00:00,-0.73
2016-02-28 10:45:00,-1.15
2016-02-28 12:00:00,-0.36
2016-02-28 15:00:00,1.62
2016-02-28 16:20:00,1.85
2016-02-28 18:00:00,1.29
2016-02-29 06:00:00,1.22
2016-02-29 09:00:00,-0.5
2016-02-29 11:15:00,-1.07
2016-02-29 12:00:00,-0.75
2016-02-29 15:00:00,1.24
2016-02-29 16:45:00,1.74
2016-02-29 18:00:00,1.46
2016-03-01 06:00:00,1.31
2016-03-01 09:00:00,-0.74
2016-03-01 11:45:00,-0.95
2016-03-01 12:00:00,-0.94
2016-03-01 15:00:00,0.9
2016-03-01 17:30:00,1.64
2016-03-01 18:00:00,1.57
2016-03-02 06:00:00,1.38
2016-03-02 09:00:00,0.06
2016-03-02 12:00:00,-0.83
2016-03-02 12:10:00,-0.84
2016-03-02 15:00:00,0.51
2016-03-02 18:00:00,2.94
2016-03-03 06:00:00,1.2
2016-03-03 09:00:00,0.52
2016-03-03 12:00:00,-0.37
2016-03-03 12:55:00,-0.72
2016-03-03 15:00:00,-0.12
2016-03-03 18:00:00,2.4
2016-03-04 06:00:00,0.69
2016-03-04 06:50:00,1.12
2016-03-04 09:00:00,1.07
2016-03-04 12:00:00,0.04
2016-03-04 15:00:00,-1.4
2016-03-04 18:00:00,0.69
2016-03-05 06:00:00,-0.23
2016-03-05 09:00:00,1.13
2016-03-05 10:00:00,1.33
2016-03-05 12:00:00,0.84
2016-03-05 15:00:00,-0.5
2016-03-05 17:00:00,-0.87
2016-03-05 18:00:00,-0.37
2016-03-06 06:00:00,-0.92
2016-03-06 09:00:00,0.85
2016-03-06 11:00:00,1.54
2016-03-06 12:00:00,1.48
2016-03-06 15:00:00,-0.08
2016-03-06 18:00:00,-2.12
2016-03-07 06:00:00,-1.08
2016-03-07 06:25:00,-1.15
2016-03-07 09:00:00,0.46
2016-03-07 12:00:00,3.64
2016-03-07 15:00:00,0.44
2016-03-07 18:00:00,-1.13
2016-03-08 06:00:00,-1.06
2016-03-08 07:25:00,-1.56
2016-03-08 09:00:00,-0.25
2016-03-08 12:00:00,2.07
2016-03-08 12:30:00,2.15
2016-03-08 15:00:00,1.15
2016-03-08 18:00:00,-0.06
2016-03-09 06:00:00,-0.79
2016-03-09 08:15:00,-1.81
2016-03-09 09:00:00,-1.25
2016-03-09 12:00:00,2.25
2016-03-09 12:55:00,2.45
2016-03-09 15:00:00,1.73
2016-03-09 18:00:00,-0.61
2016-03-10 06:00:00,-0.24
2016-03-10 09:00:00,-3.8
2016-03-10 12:00:00,1.94
2016-03-10 13:25:00,2.53
2016-03-10 15:00:00,2.14
2016-03-10 18:00:00,-0.01
2016-03-11 06:00:00,0.23
2016-03-11 09:00:00,-1.88
2016-03-11 09:30:00,-1.92
2016-03-11 12:00:00,1.39
2016-03-11 15:00:00,5.14
2016-03-11 18:00:00,0.64
2016-03-12 06:00:00,0.72
2016-03-12 09:00:00,-1.55
2016-03-12 10:00:00,-1.89
2016-03-12 12:00:00,0.44
2016-03-12 15:00:00,5.06
2016-03-12 18:00:00,1.12
2016-03-13 06:00:00,1.13
2016-03-13 09:00:00,-1.18
2016-03-13 10:30:00,-1.82
2016-03-13 12:00:00,0.62
2016-03-13 15:00:00,2.15
2016-03-13 15:45:00,2.32
2016-03-13 18:00:00,1.46
2016-03-14 06:00:00,1.41
2016-03-14 09:00:00,-0.63
2016-03-14 11:00:00,-1.48
2016-03-14 12:00:00,-1.12
2016-03-14 15:00:00,1.44
2016-03-14 16:45:00,2.15
2016-03-14 18:00:00,1.75
2016-03-15 06:00:00,1.6
2016-03-15 09:00:00,-0.15
2016-03-15 11:45:00,-1.06
2016-03-15 12:00:00,-1.05
2016-03-15 15:00:00,0.85
2016-03-15 18:00:00,3.6
2016-03-16 06:00:00,1.61
2016-03-16 09:00:00,0.39
2016-03-16 12:00:00,-0.82
2016-03-16 12:50:00,-0.95
2016-03-16 15:00:00,0.21
2016-03-16 18:00:00,3.36
2016-03-17 06:00:00,1.05
2016-03-17 07:15:00,1.39
2016-03-17 09:00:00,0.95
2016-03-17 12:00:00,-0.34
2016-03-17 13:50:00,-0.76
2016-03-17 15:00:00,-0.57
2016-03-17 18:00:00,0.97
2016-03-18 06:00:00,0.3
2016-03-18 09:00:00,1.37
2016-03-18 09:15:00,1.4
2016-03-18 12:00:00,0.53
2016-03-18 15:00:00,-0.63
2016-03-18 16:15:00,-0.76
2016-03-18 18:00:00,0.13
2016-03-19 06:00:00,-0.78
2016-03-19 09:00:00,1.05
2016-03-19 11:00:00,1.49
2016-03-19 12:00:00,1.29
2016-03-19 15:00:00,-0.25
2016-03-19 17:35:00,-0.89
2016-03-19 18:00:00,-0.79
2016-03-20 06:00:00,-0.93
2016-03-20 06:10:00,-0.95
2016-03-20 09:00:00,0.7
2016-03-20 12:00:00,3.38
2016-03-20 15:00:00,0.78
2016-03-20 18:00:00,-0.93
2016-03-21 06:00:00,-0.98
2016-03-21 07:00:00,-1.13
2016-03-21 09:00:00,0.33
2016-03-21 12:00:00,1.91
2016-03-21 12:30:00,1.94
2016-03-21 15:00:00,-0.73
2016-03-21 18:00:00,-0.94
2016-03-22 06:00:00,-0.91
2016-03-22 07:50:00,-1.33
2016-03-22 09:00:00,-0.28
2016-03-22 12:00:00,1.85
2016-03-22 13:00:00,2.05
2016-03-22 15:00:00,1.14
2016-03-22 18:00:00,-0.83
2016-03-23 06:00:00,-0.69
2016-03-23 08:15:00,-1.38
2016-03-23 09:00:00,-0.81
2016-03-23 12:00:00,1.92
2016-03-23 13:00:00,2.13
2016-03-23 15:00:00,1.41
2016-03-23 18:00:00,-0.59
2016-03-24 06:00:00,-0.54
2016-03-24 08:30:00,-1.58
2016-03-24 09:00:00,-1.43
2016-03-24 12:00:00,1.8
2016-03-24 13:30:00,2.22
2016-03-24 15:00:00,1.81
2016-03-24 18:00:00,-0.35
2016-03-25 06:00:00,-0.81
2016-03-25 09:00:00,-3.34
2016-03-25 12:00:00,1.8
2016-03-25 13:45:00,2.28
2016-03-25 15:00:00,2.03
2016-03-25 18:00:00,0.01
2016-03-26 06:00:00,0.07
2016-03-26 09:00:00,-1.54
2016-03-26 09:10:00,-1.55
2016-03-26 12:00:00,1.17
2016-03-26 14:15:00,2.26
2016-03-26 15:00:00,2.18
2016-03-26 18:00:00,0.46
2016-03-27 06:00:00,0.42
2016-03-27 09:00:00,-1.28
2016-03-27 09:45:00,-1.43
2016-03-27 12:00:00,0.83
2016-03-27 14:45:00,2.26
2016-03-27 15:00:00,2.25
2016-03-27 18:00:00,1.02
2016-03-28 06:00:00,0.74
2016-03-28 09:00:00,-1.02
2016-03-28 10:15:00,-1.25
2016-03-28 12:00:00,0.36
2016-03-28 15:00:00,2.1
2016-03-28 15:10:00,2.12
2016-03-28 18:00:00,1.05
2016-03-29 06:00:00,0.95
2016-03-29 09:00:00,-0.76
2016-03-29 10:45:00,-1.1
2016-03-29 12:00:00,-0.15
2016-03-29 15:00:00,1.84
2016-03-29 16:00:00,2.02
2016-03-29 18:00:00,1.84
2016-03-30 06:00:00,1.18
2016-03-30 09:00:00,-0.47
2016-03-30 11:00:00,-0.94
2016-03-30 12:00:00,-0.53
2016-03-30 15:00:00,1.48
2016-03-30 16:45:00,1.89
2016-03-30 18:00:00,1.61
2016-03-31 06:00:00,1.38
2016-03-31 09:00:00,-0.12
2016-03-31 11:30:00,-0.8
2016-03-31 12:00:00,-0.75
2016-03-31 15:00:00,1.06
2016-03-31 17:30:00,1.76
2016-03-31 18:00:00,1.68
